1	83.44	83.26	1	87.27	90.87
2	83.65	83.65	2	92.07	96.57
3	83.56	83.82	3	92.80	99.14
4	83.94	84.00	4	92.62	99.52
5	84.12	84.14	5	92.07	99.90
6	83.88	84.12	6	92.99	99.90
7	84.12	84.18	7	92.80	99.90
8	84.06	84.12	8	92.62	99.90
9	84.18	84.27	9	92.62	99.90
10	84.24	84.35	10	92.44	100.00
11	84.26	84.47	11	92.44	100.00
12	84.21	84.61	12	92.44	100.00
13	84.03	84.71	13	92.25	100.00
14	84.18	84.77	14	92.25	100.00
15	84.06	84.76	15	92.25	100.00
16	83.91	84.91	16	92.25	100.00
17	83.74	84.77	17	92.44	100.00
18	83.44	84.71	18	92.44	100.00
19	82.94	84.39	19	92.44	100.00
20	82.76	84.29	20	92.44	100.00
21	82.32	84.29	21	92.44	100.00
22	82.68	84.41	22	92.44	100.00
23	82.88	84.52	23	92.44	100.00
24	83.26	84.76	24	92.44	100.00
25	83.47	84.82	25	92.44	100.00
26	83.29	84.83	26	92.44	100.00
27	83.38	84.91	27	92.44	100.00
28	83.26	84.91	28	92.44	100.00
29	83.24	85.05	29	92.44	100.00
30	83.38	85.20	30	92.44	100.00
31	83.41	85.11	31	92.44	100.00
32	83.21	85.02	32	92.44	100.00
33	83.18	85.09	33	92.44	100.00
34	83.24	85.05	34	92.44	100.00
35	83.15	84.94	35	92.44	100.00
36	83.12	84.92	36	92.44	100.00
37	82.74	84.86	37	92.44	100.00
38	83.12	84.92	38	92.44	100.00
39	83.41	84.94	39	92.44	100.00
40	83.74	85.71	40	92.44	100.00
41	83.88	85.94	41	92.44	100.00
42	84.09	85.92	42	92.44	100.00
43	84.24	86.12	43	92.44	100.00
44	84.12	86.05	44	92.44	100.00
45	84.21	86.08	45	92.44	100.00
46	84.41	86.20	46	92.44	100.00
47	84.50	86.18	47	92.44	100.00
48	84.32	86.14	48	92.44	100.00
49	84.26	86.18	49	92.44	100.00
50	84.12	86.21	50	92.44	100.00
51	84.03	86.02	51	92.44	100.00
52	83.88	85.98	52	92.44	100.00
53	83.88	86.11	53	92.44	100.00
54	83.94	86.18	54	92.44	100.00
55	84.09	86.23	55	92.44	100.00
56	84.03	85.86	56	92.44	100.00
57	83.76	85.59	57	92.44	100.00
58	83.29	85.48	58	92.44	100.00
59	83.09	85.14	59	92.44	100.00
60	82.71	84.42	60	92.25	100.00
61	82.29	83.76	61	92.25	100.00
62	83.03	84.44	62	92.25	100.00
63	82.71	84.18	63	92.25	100.00
64	83.21	85.21	64	92.25	100.00
65	81.97	83.36	65	92.25	100.00
66	82.00	83.74	66	92.25	100.00
67	81.56	83.35	67	92.25	100.00
68	81.15	83.27	68	92.25	100.00
69	81.18	83.33	69	92.25	100.00
70	81.88	84.18	70	92.25	100.00
71	82.00	84.17	71	92.25	100.00
72	81.97	84.30	72	92.25	100.00
73	82.03	84.42	73	92.25	100.00
74	82.06	84.24	74	92.25	100.00
75	81.53	84.05	75	92.25	100.00
76	80.29	82.82	76	92.25	100.00
77	80.03	82.79	77	92.25	100.00
78	79.44	81.94	78	92.25	100.00
79	82.26	84.68	79	92.25	100.00
80	79.82	81.95	80	92.25	100.00
81	82.53	85.08	81	92.25	100.00
82	80.88	83.67	82	92.25	100.00
83	80.76	83.24	83	92.25	100.00
84	84.44	86.59	84	92.25	100.00
85	84.00	86.05	85	92.25	100.00
86	80.71	83.29	86	92.25	100.00
87	80.44	82.88	87	92.25	100.00
88	82.15	84.74	88	92.25	100.00
89	81.47	83.64	89	92.25	100.00
90	82.12	84.47	90	92.25	100.00
91	82.74	84.56	91	92.25	100.00
92	82.82	85.12	92	92.25	100.00
93	83.15	85.80	93	92.25	100.00
94	83.12	85.05	94	92.25	100.00
95	83.53	85.83	95	92.25	100.00
96	82.91	85.64	96	92.25	100.00
97	83.15	85.71	97	92.25	100.00
98	82.74	85.29	98	92.25	100.00
99	84.29	86.82	99	92.25	100.00
100	83.79	86.59	100	92.25	100.00
101	82.85	85.08	101	92.25	100.00
102	84.21	87.08	102	92.25	100.00
103	81.50	83.83	103	92.25	100.00
104	84.15	87.05	104	92.25	100.00
105	83.91	86.79	105	92.25	100.00
106	84.53	87.14	106	92.25	100.00
107	84.50	86.77	107	92.25	100.00
108	83.71	85.97	108	92.25	100.00
109	84.91	87.50	109	92.25	100.00
110	84.71	87.24	110	92.25	100.00
111	84.74	87.45	111	92.25	100.00
112	84.32	87.14	112	92.25	100.00
113	82.32	84.21	113	92.25	100.00
114	81.38	83.98	114	92.25	100.00
115	84.15	86.61	115	92.25	100.00
116	84.53	87.06	116	92.25	100.00
117	84.18	86.74	117	92.25	100.00
118	83.79	85.71	118	92.25	100.00
119	84.00	86.47	119	92.25	100.00
120	84.09	86.68	120	92.25	100.00
121	83.94	86.45	121	92.25	100.00
122	83.50	86.18	122	92.25	100.00
123	83.94	86.73	123	92.25	100.00
124	83.00	85.39	124	92.25	100.00
125	83.91	86.70	125	92.25	100.00
126	84.00	87.23	126	92.25	100.00
127	83.09	86.02	127	92.25	100.00
128	83.44	86.38	128	92.25	100.00
129	83.74	86.85	129	92.25	100.00
130	83.15	86.41	130	92.25	100.00
131	84.47	87.73	131	92.25	100.00
132	84.24	87.68	132	92.25	100.00
133	83.68	87.29	133	92.25	100.00
134	83.47	86.92	134	92.25	100.00
135	83.59	86.64	135	92.25	100.00
136	84.53	87.85	136	92.25	100.00
137	83.50	87.41	137	92.25	100.00
138	84.56	87.76	138	92.25	100.00
139	83.94	87.36	139	92.25	100.00
140	83.74	87.06	140	92.25	100.00
141	83.50	86.70	141	92.25	100.00
142	83.74	87.32	142	92.25	100.00
143	83.62	86.94	143	92.25	100.00
144	84.09	87.27	144	92.25	100.00
145	83.41	86.77	145	92.25	100.00
146	82.94	86.05	146	92.25	100.00
147	84.41	87.23	147	92.25	100.00
148	84.15	87.59	148	92.25	100.00
149	83.76	87.29	149	92.25	100.00
150	83.79	87.53	150	92.25	100.00
151	83.85	86.95	151	92.25	100.00
152	83.53	86.89	152	92.25	100.00
153	82.74	85.27	153	92.25	100.00
154	83.47	87.17	154	92.25	100.00
155	83.15	85.98	155	92.25	100.00
156	84.68	87.73	156	92.25	100.00
157	84.26	87.53	157	92.25	100.00
158	84.29	87.64	158	92.25	100.00
159	84.41	87.91	159	92.25	100.00
160	84.62	88.12	160	92.25	100.00
161	84.35	88.11	161	92.25	100.00
162	84.50	87.82	162	92.25	100.00
163	83.97	87.30	163	92.25	100.00
164	83.71	87.48	164	92.25	100.00
165	83.91	87.52	165	92.25	100.00
166	83.74	87.24	166	92.25	100.00
167	84.35	87.74	167	92.25	100.00
168	84.79	88.27	168	92.25	100.00
169	84.74	87.85	169	92.25	100.00
170	84.38	87.88	170	92.25	100.00
171	84.35	88.30	171	92.25	100.00
172	84.38	88.05	172	92.25	100.00
173	84.12	88.05	173	92.25	100.00
174	84.56	88.44	174	92.25	100.00
175	84.32	88.00	175	92.25	100.00
176	84.76	88.50	176	92.25	100.00
177	84.82	88.35	177	92.25	100.00
178	84.24	87.58	178	92.25	100.00
179	85.06	88.12	179	92.25	100.00
180	84.76	88.44	180	92.25	100.00
181	84.82	88.42	181	92.25	100.00
182	84.97	88.33	182	92.25	100.00
183	85.56	88.79	183	92.25	100.00
184	85.50	88.42	184	92.25	100.00
185	85.41	88.42	185	92.25	100.00
186	84.68	88.85	186	92.25	100.00
187	84.50	87.88	187	92.25	100.00
188	84.50	88.29	188	92.25	100.00
189	83.09	86.73	189	92.25	100.00
190	83.06	85.74	190	92.25	100.00
191	85.85	89.02	191	92.25	100.00
192	85.44	88.29	192	92.25	100.00
193	83.71	87.06	193	92.25	100.00
194	85.15	88.44	194	92.25	100.00
195	85.53	88.88	195	92.25	100.00
196	85.65	88.67	196	92.25	100.00
197	86.24	88.73	197	92.25	100.00
198	85.24	88.68	198	92.25	100.00
199	86.35	89.35	199	92.25	100.00
200	86.00	89.23	200	92.25	100.00
201	85.85	88.86	201	92.25	100.00
202	85.24	88.44	202	92.25	100.00
203	85.97	88.92	203	92.25	100.00
204	85.68	89.06	204	92.25	100.00
205	85.88	89.09	205	92.25	100.00
206	85.94	89.21	206	92.25	100.00
207	85.85	89.00	207	92.25	100.00
208	85.76	88.91	208	92.25	100.00
209	86.06	89.35	209	92.25	100.00
210	85.91	89.05	210	92.25	100.00
211	85.82	88.95	211	92.25	100.00
212	85.68	88.26	212	92.25	100.00
213	85.24	88.65	213	92.25	100.00
214	85.79	88.91	214	92.25	100.00
215	85.41	89.20	215	92.25	100.00
216	85.88	89.38	216	92.25	100.00
217	85.21	88.85	217	92.25	100.00
218	85.74	89.11	218	92.25	100.00
219	85.53	88.62	219	92.25	100.00
220	85.21	88.86	220	92.25	100.00
221	85.65	88.97	221	92.25	100.00
222	85.38	88.65	222	92.25	100.00
223	85.44	88.91	223	92.25	100.00
224	85.59	89.00	224	92.25	100.00
225	85.06	88.79	225	92.25	100.00
226	84.18	88.24	226	92.25	100.00
227	84.59	88.44	227	92.25	100.00
228	84.53	87.95	228	92.25	100.00
229	85.03	88.67	229	92.25	100.00
230	85.12	88.76	230	92.25	100.00
231	85.21	88.33	231	92.25	100.00
232	85.21	88.80	232	92.25	100.00
233	85.00	88.48	233	92.25	100.00
234	85.62	89.20	234	92.25	100.00
235	85.56	89.09	235	92.25	100.00
236	85.03	88.32	236	92.25	100.00
237	84.59	88.15	237	92.25	100.00
238	85.38	88.73	238	92.25	100.00
239	85.53	89.05	239	92.25	100.00
240	85.35	89.09	240	92.25	100.00
241	85.59	89.35	241	92.25	100.00
242	85.47	89.03	242	92.25	100.00
243	85.32	89.20	243	92.25	100.00
244	85.47	88.97	244	92.25	100.00
245	85.24	89.15	245	92.25	100.00
246	85.68	89.12	246	92.25	100.00
247	85.71	89.27	247	92.25	100.00
248	85.82	89.26	248	92.25	100.00
249	85.47	89.45	249	92.25	100.00
250	85.47	89.09	250	92.25	100.00
251	85.56	89.44	251	92.25	100.00
252	85.03	88.89	252	92.25	100.00
253	85.50	89.23	253	92.25	100.00
254	85.68	89.42	254	92.25	100.00
255	85.94	89.29	255	92.25	100.00
256	85.26	88.64	256	92.25	100.00
257	84.91	88.12	257	92.25	100.00
258	85.15	89.15	258	92.25	100.00
259	85.41	89.42	259	92.25	100.00
260	85.29	88.47	260	92.25	100.00
261	85.56	89.30	261	92.25	100.00
262	85.26	89.02	262	92.25	100.00
263	85.65	89.53	263	92.25	100.00
264	85.26	89.50	264	92.25	100.00
265	85.18	89.20	265	92.25	100.00
266	85.38	89.39	266	92.25	100.00
267	85.62	88.91	267	92.25	100.00
268	84.85	89.09	268	92.25	100.00
269	85.59	89.45	269	92.25	100.00
270	85.24	89.27	270	92.25	100.00
271	85.15	89.33	271	92.25	100.00
272	85.09	89.42	272	92.25	100.00
273	85.32	89.39	273	92.25	100.00
274	85.24	89.45	274	92.25	100.00
275	85.15	89.02	275	92.25	100.00
276	85.41	89.47	276	92.25	100.00
277	85.47	88.82	277	92.25	100.00
278	84.79	88.33	278	92.25	100.00
279	86.35	89.61	279	92.25	100.00
280	86.18	89.18	280	92.25	100.00
281	85.76	89.68	281	92.25	100.00
282	85.71	89.17	282	92.25	100.00
283	85.32	89.08	283	92.25	100.00
284	86.35	89.27	284	92.25	100.00
285	86.06	89.35	285	92.25	100.00
286	85.76	89.23	286	92.25	100.00
287	85.97	89.53	287	92.25	100.00
288	85.21	89.00	288	92.25	100.00
289	85.18	88.83	289	92.25	100.00
290	85.97	89.61	290	92.25	100.00
291	85.76	89.33	291	92.25	100.00
292	85.59	89.17	292	92.25	100.00
293	86.24	89.62	293	92.25	100.00
294	85.32	89.03	294	92.25	100.00
295	86.62	90.03	295	92.25	100.00
296	86.06	89.68	296	92.25	100.00
297	86.18	89.83	297	92.25	100.00
298	85.91	89.82	298	92.25	100.00
299	86.26	90.39	299	92.25	100.00
300	86.18	90.30	300	92.25	100.00
301	86.68	90.24	301	92.25	100.00
302	86.65	90.03	302	92.25	100.00
303	86.41	90.20	303	92.25	100.00
304	86.32	90.23	304	92.25	100.00
305	86.50	90.03	305	92.25	100.00
306	86.50	90.18	306	92.25	100.00
307	86.85	90.27	307	92.25	100.00
308	86.03	90.24	308	92.25	100.00
309	86.32	90.47	309	92.25	100.00
310	85.91	90.23	310	92.25	100.00
311	86.62	90.39	311	92.07	100.00
312	86.50	90.20	312	92.07	100.00
313	86.29	90.44	313	92.07	100.00
314	86.53	90.41	314	92.07	100.00
315	86.53	90.53	315	92.07	100.00
316	86.53	90.52	316	92.07	100.00
317	85.71	89.92	317	92.07	100.00
318	86.74	90.59	318	92.07	100.00
319	86.00	90.61	319	92.07	100.00
320	86.18	90.55	320	92.07	100.00
321	86.50	90.91	321	92.07	100.00
322	85.71	90.21	322	92.07	100.00
323	86.21	90.58	323	92.07	100.00
324	85.91	90.08	324	92.07	100.00
325	85.88	90.11	325	92.07	100.00
326	86.03	90.52	326	92.07	100.00
327	85.85	89.86	327	92.07	100.00
328	85.59	90.17	328	92.07	100.00
329	86.26	90.05	329	92.07	100.00
330	86.12	90.23	330	92.07	100.00
331	86.21	90.45	331	92.07	100.00
332	85.85	89.95	332	92.07	100.00
333	85.85	90.42	333	92.07	100.00
334	86.21	90.20	334	92.07	100.00
335	85.82	90.05	335	92.07	100.00
336	85.88	90.06	336	92.07	100.00
337	85.88	89.98	337	92.07	100.00
338	85.71	89.94	338	92.07	100.00
339	86.00	90.26	339	92.07	100.00
340	85.91	89.92	340	92.07	100.00
341	85.85	89.89	341	92.07	100.00
342	86.29	90.23	342	92.07	100.00
343	85.91	89.95	343	92.07	100.00
344	85.97	90.17	344	92.07	100.00
345	86.12	90.32	345	92.07	100.00
346	86.12	90.35	346	92.07	100.00
347	85.68	90.41	347	92.07	100.00
348	85.82	90.47	348	92.07	100.00
349	86.00	89.95	349	92.07	100.00
350	86.18	90.26	350	92.07	100.00
351	85.88	90.58	351	92.07	100.00
352	85.65	90.06	352	92.07	100.00
353	86.12	90.14	353	92.07	100.00
354	86.26	90.14	354	92.07	100.00
355	86.09	90.06	355	92.07	100.00
356	85.65	89.68	356	92.07	100.00
357	86.00	90.00	357	92.07	100.00
358	86.32	90.70	358	92.07	100.00
359	86.12	90.42	359	92.07	100.00
360	86.32	90.68	360	92.07	100.00
361	86.56	90.39	361	92.07	100.00
362	84.44	88.95	362	92.07	100.00
363	85.76	90.15	363	92.07	100.00
364	86.47	90.92	364	92.07	100.00
365	86.32	90.59	365	92.07	100.00
366	86.41	90.71	366	92.07	100.00
367	86.56	90.59	367	92.07	100.00
368	86.35	90.26	368	92.07	100.00
369	85.97	90.62	369	92.07	100.00
370	86.65	90.76	370	92.07	100.00
371	86.50	90.68	371	92.07	100.00
372	86.00	90.21	372	92.07	100.00
373	85.97	90.36	373	92.07	100.00
374	86.50	90.64	374	92.07	100.00
375	85.94	90.76	375	92.07	100.00
376	85.62	90.09	376	92.07	100.00
377	85.97	90.50	377	92.07	100.00
378	86.38	90.74	378	92.07	100.00
379	85.65	90.29	379	92.07	100.00
380	86.12	90.59	380	92.07	100.00
381	86.18	90.76	381	92.07	100.00
382	86.21	90.42	382	92.07	100.00
383	86.00	90.68	383	92.07	100.00
384	86.38	90.55	384	92.07	100.00
385	86.06	90.68	385	92.07	100.00
386	86.03	90.53	386	92.07	100.00
387	86.06	90.62	387	92.07	100.00
388	86.29	90.94	388	92.07	100.00
389	85.97	90.35	389	92.07	100.00
390	86.00	90.53	390	92.07	100.00
391	85.79	90.32	391	92.07	100.00
392	85.79	90.55	392	92.07	100.00
393	86.15	90.62	393	92.07	100.00
394	86.44	91.06	394	92.07	100.00
395	85.35	90.14	395	92.07	100.00
396	85.88	91.00	396	92.07	100.00
397	86.00	90.89	397	92.07	100.00
398	85.85	90.77	398	92.07	100.00
399	85.76	90.83	399	92.07	100.00
400	86.18	90.29	400	92.07	100.00
401	85.74	89.71	401	92.07	100.00
402	86.09	90.65	402	92.07	100.00
403	86.00	90.94	403	92.07	100.00
404	86.41	91.03	404	92.07	100.00
405	86.24	91.06	405	92.07	100.00
406	86.12	91.08	406	92.07	100.00
407	86.12	91.03	407	92.07	100.00
408	85.94	90.94	408	92.07	100.00
409	85.88	90.89	409	92.07	100.00
410	86.21	90.71	410	92.07	100.00
411	85.94	90.74	411	92.07	100.00
412	85.59	90.64	412	92.07	100.00
413	86.15	90.91	413	92.07	100.00
414	86.18	90.83	414	92.07	100.00
415	86.12	90.89	415	92.07	100.00
416	86.00	90.67	416	92.07	100.00
417	86.06	91.03	417	92.07	100.00
418	86.03	91.11	418	92.07	100.00
419	86.18	91.06	419	92.07	100.00
420	86.35	91.12	420	92.07	100.00
421	86.18	90.95	421	92.07	100.00
422	86.65	91.41	422	92.07	100.00
423	86.35	91.05	423	92.07	100.00
424	86.24	91.05	424	92.07	100.00
425	86.29	91.09	425	92.07	100.00
426	86.26	91.08	426	92.07	100.00
427	86.18	91.08	427	92.07	100.00
428	86.15	90.92	428	92.07	100.00
429	86.50	91.09	429	92.07	100.00
430	86.03	91.17	430	92.07	100.00
431	86.35	90.85	431	92.07	100.00
432	86.41	91.03	432	92.07	100.00
433	86.29	91.02	433	92.07	100.00
434	86.21	90.97	434	92.07	100.00
435	86.24	91.15	435	92.07	100.00
436	84.29	89.53	436	92.07	100.00
437	86.32	90.83	437	92.07	100.00
438	86.50	91.18	438	92.07	100.00
439	86.41	90.88	439	92.07	100.00
440	86.09	90.98	440	92.07	100.00
441	86.32	90.73	441	92.07	100.00
442	85.94	90.56	442	92.07	100.00
443	86.26	90.88	443	92.07	100.00
444	86.12	90.52	444	92.07	100.00
445	86.24	90.89	445	92.07	100.00
446	86.56	91.05	446	92.07	100.00
447	85.50	90.14	447	92.07	100.00
448	85.59	90.45	448	92.07	100.00
449	86.15	91.27	449	92.07	100.00
450	86.35	91.17	450	92.07	100.00
451	86.26	90.91	451	92.07	100.00
452	86.56	91.14	452	92.07	100.00
453	86.41	91.00	453	92.07	100.00
454	86.47	90.83	454	92.07	100.00
455	86.41	91.11	455	92.07	100.00
456	86.56	91.29	456	92.07	100.00
457	86.47	91.14	457	92.07	100.00
458	86.44	91.06	458	92.07	100.00
459	86.32	91.20	459	92.07	100.00
460	86.68	91.18	460	92.07	100.00
461	85.97	90.86	461	92.07	100.00
462	86.38	91.06	462	92.07	100.00
463	86.38	90.76	463	92.07	100.00
464	86.09	90.71	464	92.07	100.00
465	86.15	90.85	465	92.07	100.00
466	85.68	90.52	466	92.07	100.00
467	85.44	90.09	467	92.07	100.00
468	85.91	90.48	468	92.07	100.00
469	85.88	90.92	469	92.07	100.00
470	86.41	90.89	470	92.07	100.00
471	86.29	90.92	471	92.07	100.00
472	85.85	90.80	472	92.07	100.00
473	85.35	90.11	473	92.07	100.00
474	85.97	90.45	474	92.07	100.00
475	86.32	90.45	475	92.07	100.00
476	86.50	91.05	476	92.07	100.00
477	85.82	90.74	477	92.07	100.00
478	86.68	90.98	478	92.07	100.00
479	85.97	90.56	479	92.07	100.00
480	86.03	90.61	480	92.07	100.00
481	86.47	91.06	481	92.07	100.00
482	86.38	91.08	482	92.07	100.00
483	86.21	91.02	483	92.07	100.00
484	85.50	90.55	484	92.07	100.00
485	85.44	90.53	485	92.07	100.00
486	85.79	90.89	486	92.07	100.00
487	86.03	91.26	487	92.07	100.00
488	85.71	91.20	488	92.07	100.00
489	85.97	90.71	489	92.07	100.00
490	85.79	91.30	490	92.07	100.00
491	85.65	90.70	491	92.07	100.00
492	86.18	91.42	492	92.07	100.00
493	85.53	90.23	493	92.07	100.00
494	85.56	90.95	494	92.07	100.00
495	85.71	91.21	495	92.07	100.00
496	86.18	91.17	496	92.07	100.00
497	85.82	90.06	497	92.07	100.00
498	85.82	91.12	498	92.07	100.00
499	85.74	90.47	499	92.07	100.00
500	85.62	90.94	500	92.07	100.00
501	85.50	90.77	501	92.07	100.00
502	86.03	91.09	502	92.07	100.00
503	85.38	90.77	503	92.07	100.00
504	86.00	91.30	504	92.07	100.00
505	85.85	91.12	505	92.07	100.00
506	86.15	91.36	506	92.07	100.00
507	86.00	91.38	507	92.07	100.00
508	85.82	91.24	508	92.07	100.00
509	85.76	91.36	509	92.07	100.00
510	85.74	91.59	510	92.07	100.00
511	86.18	91.65	511	92.07	100.00
512	85.85	91.20	512	92.07	100.00
513	86.47	91.36	513	92.07	100.00
514	86.15	91.35	514	92.07	100.00
515	85.94	91.36	515	92.07	100.00
516	86.35	91.32	516	92.07	100.00
517	86.24	91.39	517	92.07	100.00
518	86.03	91.59	518	92.07	100.00
519	85.18	90.32	519	92.07	100.00
520	85.68	90.53	520	92.07	100.00
521	86.00	91.00	521	92.07	100.00
522	85.91	91.21	522	92.07	100.00
523	85.29	90.92	523	92.07	100.00
524	85.68	91.24	524	92.07	100.00
525	85.79	91.38	525	92.07	100.00
526	85.41	90.79	526	92.07	100.00
527	85.71	91.35	527	92.07	100.00
528	85.65	91.48	528	92.07	100.00
529	85.85	91.24	529	92.07	100.00
530	85.38	90.89	530	92.07	100.00
531	85.38	90.79	531	92.07	100.00
532	86.03	91.38	532	92.07	100.00
533	85.94	91.41	533	92.07	100.00
534	85.71	91.14	534	92.07	100.00
535	86.15	91.36	535	92.07	100.00
536	85.44	91.21	536	92.07	100.00
537	85.76	91.24	537	92.07	100.00
538	85.71	91.38	538	92.07	100.00
539	86.38	91.62	539	92.07	100.00
540	85.79	91.53	540	92.07	100.00
541	86.21	91.65	541	92.07	100.00
542	85.74	91.47	542	92.07	100.00
543	85.91	91.29	543	92.07	100.00
544	85.79	90.86	544	92.07	100.00
545	85.50	91.08	545	92.07	100.00
546	85.94	91.14	546	92.07	100.00
547	86.12	91.89	547	92.07	100.00
548	85.15	91.11	548	92.07	100.00
549	85.85	91.45	549	92.07	100.00
550	85.62	90.95	550	92.07	100.00
551	85.56	91.18	551	92.07	100.00
552	85.76	91.02	552	92.07	100.00
553	86.09	91.38	553	92.07	100.00
554	85.85	90.95	554	92.07	100.00
555	85.91	91.71	555	92.07	100.00
556	85.79	91.44	556	92.07	100.00
557	85.74	91.21	557	92.07	100.00
558	85.65	90.88	558	92.07	100.00
559	85.38	91.14	559	92.07	100.00
560	86.21	91.29	560	92.07	100.00
561	86.24	91.42	561	92.07	100.00
562	85.74	91.33	562	92.07	100.00
563	86.15	91.62	563	92.07	100.00
564	86.21	91.17	564	92.07	100.00
565	86.32	91.67	565	92.07	100.00
566	85.91	91.06	566	92.07	100.00
567	86.15	91.53	567	92.07	100.00
568	85.65	91.17	568	92.07	100.00
569	85.97	91.50	569	92.07	100.00
570	86.00	91.09	570	92.07	100.00
571	85.50	91.08	571	92.07	100.00
572	84.97	90.47	572	92.07	100.00
573	85.35	90.76	573	92.07	100.00
574	85.74	91.52	574	92.07	100.00
575	86.03	91.58	575	92.07	100.00
576	86.41	91.68	576	92.07	100.00
577	86.32	92.00	577	92.07	100.00
578	85.74	91.17	578	92.07	100.00
579	85.68	90.86	579	92.07	100.00
580	85.91	91.59	580	92.07	100.00
581	85.88	91.55	581	92.07	100.00
582	85.50	91.65	582	92.07	100.00
583	85.47	91.00	583	92.07	100.00
584	85.24	91.29	584	92.07	100.00
585	85.74	91.36	585	92.07	100.00
586	86.03	91.71	586	92.07	100.00
587	85.85	91.59	587	92.07	100.00
588	86.09	91.55	588	92.07	100.00
589	86.12	91.58	589	92.07	100.00
590	85.88	91.65	590	92.07	100.00
591	86.15	91.47	591	92.07	100.00
592	86.00	91.64	592	92.07	100.00
593	85.97	91.56	593	92.07	100.00
594	86.44	91.48	594	92.07	100.00
595	86.00	91.61	595	92.07	100.00
596	86.29	91.59	596	92.07	100.00
597	86.24	91.32	597	92.07	100.00
598	86.21	91.15	598	92.07	100.00
599	85.94	91.65	599	92.07	100.00
600	86.26	92.02	600	92.07	100.00
601	86.09	92.03	601	92.07	100.00
602	86.38	91.41	602	92.07	100.00
603	86.38	91.91	603	92.07	100.00
604	86.24	91.95	604	92.07	100.00
605	85.82	91.89	605	92.07	100.00
606	86.18	92.09	606	92.07	100.00
607	85.94	92.05	607	92.07	100.00
608	86.09	91.86	608	92.07	100.00
609	86.26	91.97	609	92.07	100.00
610	85.71	91.30	610	92.07	100.00
611	86.15	91.73	611	92.07	100.00
612	86.03	91.30	612	92.07	100.00
613	86.32	92.15	613	92.07	100.00
614	86.24	92.06	614	92.07	100.00
615	85.71	91.56	615	92.07	100.00
616	86.03	91.61	616	92.07	100.00
617	85.76	91.67	617	92.07	100.00
618	85.56	91.80	618	92.07	100.00
619	86.06	91.70	619	92.07	100.00
620	85.47	91.38	620	92.07	100.00
621	85.85	91.20	621	92.07	100.00
622	85.56	90.92	622	92.07	100.00
623	86.44	91.74	623	92.07	100.00
624	86.26	91.56	624	92.07	100.00
625	86.03	91.94	625	92.07	100.00
626	85.82	91.36	626	92.07	100.00
627	85.88	91.39	627	92.07	100.00
628	86.50	92.09	628	92.07	100.00
629	85.47	91.27	629	92.07	100.00
630	85.44	90.68	630	92.07	100.00
631	86.41	91.77	631	92.07	100.00
632	86.41	91.39	632	92.07	100.00
633	86.18	91.35	633	92.07	100.00
634	85.21	90.68	634	92.07	100.00
635	84.91	91.09	635	92.07	100.00
636	85.88	91.83	636	92.07	100.00
637	85.47	91.41	637	92.07	100.00
638	86.03	91.59	638	92.07	100.00
639	85.91	91.56	639	92.07	100.00
640	86.29	91.98	640	92.07	100.00
641	85.91	91.56	641	92.07	100.00
642	85.65	91.23	642	92.07	100.00
643	85.74	91.62	643	92.07	100.00
644	85.97	91.55	644	92.07	100.00
645	85.62	90.83	645	92.07	100.00
646	86.18	91.29	646	92.07	100.00
647	86.29	91.73	647	92.07	100.00
648	85.97	91.92	648	92.07	100.00
649	86.29	91.36	649	92.07	100.00
650	86.24	91.86	650	92.07	100.00
651	86.06	91.88	651	92.07	100.00
652	86.21	91.91	652	92.07	100.00
653	86.03	91.53	653	92.07	100.00
654	85.26	91.30	654	92.07	100.00
655	85.91	90.97	655	92.07	100.00
656	86.47	91.73	656	92.07	100.00
657	85.71	92.05	657	92.07	100.00
658	85.82	91.67	658	92.07	100.00
659	85.76	91.62	659	92.07	100.00
660	86.09	91.41	660	92.07	100.00
661	85.94	91.67	661	92.07	100.00
662	85.79	91.89	662	92.07	100.00
663	85.88	91.89	663	92.07	100.00
664	85.85	91.76	664	92.07	100.00
665	85.97	91.88	665	92.07	100.00
666	85.91	91.74	666	92.07	100.00
667	86.06	92.02	667	92.07	100.00
668	86.09	91.70	668	92.07	100.00
669	86.21	91.70	669	92.07	100.00
670	86.00	91.74	670	92.07	100.00
671	85.50	91.08	671	92.07	100.00
672	85.41	91.38	672	92.07	100.00
673	85.74	90.65	673	92.07	100.00
674	85.85	91.94	674	92.07	100.00
675	85.71	91.45	675	92.07	100.00
676	85.65	91.74	676	92.07	100.00
677	85.38	91.32	677	92.07	100.00
678	85.74	91.33	678	92.07	100.00
679	85.74	91.45	679	92.07	100.00
680	86.18	92.06	680	92.07	100.00
681	86.29	92.17	681	92.07	100.00
682	86.09	92.05	682	92.07	100.00
683	86.41	92.02	683	92.07	100.00
684	85.76	91.79	684	92.07	100.00
685	85.71	91.77	685	92.07	100.00
686	86.06	91.73	686	92.07	100.00
687	85.94	91.70	687	92.07	100.00
688	86.18	91.52	688	92.07	100.00
689	86.03	91.76	689	92.07	100.00
690	86.26	91.71	690	92.07	100.00
691	86.09	91.64	691	92.07	100.00
692	85.85	91.80	692	92.07	100.00
693	85.94	92.38	693	92.07	100.00
694	85.82	91.85	694	92.07	100.00
695	86.24	91.95	695	92.25	100.00
696	86.09	92.18	696	92.25	100.00
697	86.03	91.80	697	92.25	100.00
698	86.15	91.89	698	92.25	100.00
699	86.35	91.65	699	92.25	100.00
700	86.03	91.76	700	92.25	100.00
701	85.82	91.76	701	92.25	100.00
702	86.24	91.86	702	92.25	100.00
703	85.91	91.74	703	92.25	100.00
704	85.76	92.12	704	92.25	100.00
705	85.94	91.58	705	92.25	100.00
706	85.91	91.80	706	92.25	100.00
707	86.35	91.91	707	92.25	100.00
708	85.97	91.70	708	92.25	100.00
709	85.97	91.09	709	92.25	100.00
710	85.65	91.44	710	92.25	100.00
711	86.06	92.12	711	92.25	100.00
712	86.12	91.95	712	92.25	100.00
713	86.03	91.94	713	92.25	100.00
714	86.06	92.24	714	92.25	100.00
715	86.00	91.86	715	92.25	100.00
716	85.94	91.61	716	92.25	100.00
717	85.91	91.65	717	92.25	100.00
718	86.32	92.18	718	92.25	100.00
719	86.06	92.12	719	92.25	100.00
720	86.29	91.62	720	92.25	100.00
721	86.09	91.98	721	92.25	100.00
722	85.97	91.88	722	92.25	100.00
723	86.09	92.18	723	92.25	100.00
724	85.94	92.15	724	92.25	100.00
725	86.26	92.06	725	92.25	100.00
726	86.06	92.23	726	92.25	100.00
727	86.03	91.70	727	92.25	100.00
728	86.00	91.85	728	92.25	100.00
729	85.85	91.38	729	92.25	100.00
730	86.18	91.47	730	92.25	100.00
731	84.88	90.55	731	92.25	100.00
732	85.71	91.83	732	92.25	100.00
733	85.94	91.83	733	92.25	100.00
734	86.12	92.20	734	92.25	100.00
735	85.94	91.62	735	92.25	100.00
736	85.59	91.42	736	92.25	100.00
737	85.97	91.45	737	92.25	100.00
738	85.68	91.79	738	92.25	100.00
739	85.74	92.21	739	92.25	100.00
740	86.00	91.47	740	92.25	100.00
741	86.00	91.80	741	92.25	100.00
742	86.09	92.11	742	92.25	100.00
743	86.06	91.92	743	92.25	100.00
744	86.24	92.12	744	92.25	100.00
745	86.41	92.39	745	92.25	100.00
746	86.44	91.67	746	92.25	100.00
747	85.56	91.47	747	92.25	100.00
748	86.32	92.17	748	92.25	100.00
749	85.41	91.61	749	92.25	100.00
750	86.03	91.89	750	92.25	100.00
751	86.29	91.35	751	92.25	100.00
752	86.21	91.45	752	92.25	100.00
753	85.53	90.86	753	92.25	100.00
754	85.91	91.23	754	92.25	100.00
755	86.12	91.86	755	92.25	100.00
756	86.18	91.70	756	92.25	100.00
757	86.21	91.92	757	92.25	100.00
758	85.32	91.52	758	92.25	100.00
759	85.29	91.21	759	92.25	100.00
760	86.53	91.62	760	92.25	100.00
761	85.53	91.06	761	92.25	100.00
762	85.71	91.55	762	92.25	100.00
763	86.15	91.95	763	92.25	100.00
764	85.88	91.53	764	92.25	100.00
765	85.65	92.08	765	92.25	100.00
766	86.35	92.03	766	92.25	100.00
767	85.59	91.53	767	92.25	100.00
768	85.91	91.64	768	92.25	100.00
769	86.09	92.02	769	92.25	100.00
770	86.18	92.08	770	92.25	100.00
771	86.24	91.71	771	92.25	100.00
772	85.91	91.50	772	92.25	100.00
773	86.38	91.98	773	92.25	100.00
774	85.71	91.59	774	92.25	100.00
775	86.09	92.02	775	92.25	100.00
776	85.82	91.77	776	92.25	100.00
777	85.65	91.26	777	92.25	100.00
778	86.50	91.86	778	92.25	100.00
779	86.06	91.97	779	92.25	100.00
780	86.32	91.74	780	92.25	100.00
781	86.32	92.11	781	92.25	100.00
782	86.32	91.85	782	92.25	100.00
783	86.50	91.88	783	92.25	100.00
784	85.76	91.71	784	92.25	100.00
785	86.29	91.94	785	92.25	100.00
786	85.94	91.21	786	92.25	100.00
787	86.56	91.95	787	92.25	100.00
788	86.62	91.79	788	92.25	100.00
789	86.38	91.26	789	92.25	100.00
790	85.85	91.64	790	92.25	100.00
791	85.85	91.58	791	92.25	100.00
792	86.00	91.73	792	92.25	100.00
793	85.94	91.83	793	92.25	100.00
794	85.74	90.52	794	92.25	100.00
795	85.85	91.94	795	92.25	100.00
796	86.38	92.17	796	92.25	100.00
797	86.65	92.21	797	92.25	100.00
798	85.94	91.74	798	92.25	100.00
799	86.56	92.33	799	92.25	100.00
800	86.62	92.20	800	92.25	100.00
801	86.38	91.80	801	92.25	100.00
802	86.59	92.12	802	92.25	100.00
803	85.97	91.09	803	92.25	100.00
804	86.29	91.77	804	92.25	100.00
805	86.21	91.76	805	92.25	100.00
806	86.24	91.24	806	92.25	100.00
807	86.09	91.29	807	92.25	100.00
808	86.09	91.97	808	92.25	100.00
809	86.18	92.14	809	92.25	100.00
810	85.85	91.79	810	92.25	100.00
811	86.18	92.02	811	92.25	100.00
812	86.26	91.53	812	92.25	100.00
813	86.03	91.61	813	92.25	100.00
814	86.71	92.20	814	92.25	100.00
815	85.97	91.53	815	92.25	100.00
816	85.53	91.82	816	92.25	100.00
817	85.68	91.23	817	92.25	100.00
818	85.71	91.61	818	92.25	100.00
819	85.88	91.86	819	92.25	100.00
820	86.06	91.82	820	92.25	100.00
821	85.82	91.48	821	92.25	100.00
822	85.85	91.83	822	92.25	100.00
823	85.85	91.92	823	92.25	100.00
824	86.06	91.86	824	92.25	100.00
825	86.24	92.27	825	92.25	100.00
826	85.94	92.05	826	92.25	100.00
827	85.88	92.24	827	92.25	100.00
828	85.74	91.67	828	92.25	100.00
829	85.97	92.06	829	92.25	100.00
830	86.15	91.76	830	92.25	100.00
831	85.94	91.45	831	92.25	100.00
832	86.18	91.91	832	92.25	100.00
833	85.88	91.74	833	92.25	100.00
834	85.97	91.55	834	92.25	100.00
835	85.03	91.62	835	92.25	100.00
836	86.15	92.06	836	92.25	100.00
837	85.44	91.77	837	92.25	100.00
838	85.94	91.74	838	92.25	100.00
839	86.15	92.11	839	92.25	100.00
840	85.85	91.82	840	92.25	100.00
841	86.24	92.15	841	92.25	100.00
842	86.15	92.39	842	92.25	100.00
843	85.82	92.20	843	92.25	100.00
844	86.18	91.85	844	92.25	100.00
845	86.38	91.48	845	92.25	100.00
846	86.35	92.26	846	92.25	100.00
847	85.59	91.91	847	92.25	100.00
848	85.79	92.09	848	92.25	100.00
849	86.71	92.05	849	92.25	100.00
850	86.26	92.44	850	92.25	100.00
851	86.12	92.26	851	92.25	100.00
852	86.06	92.08	852	92.25	100.00
853	86.38	91.97	853	92.25	100.00
854	85.91	92.00	854	92.25	100.00
855	85.82	91.98	855	92.25	100.00
856	86.38	92.21	856	92.25	100.00
857	86.03	92.14	857	92.25	100.00
858	86.32	92.24	858	92.25	100.00
859	86.15	92.32	859	92.25	100.00
860	86.21	92.02	860	92.25	100.00
861	85.74	91.83	861	92.25	100.00
862	86.15	91.97	862	92.25	100.00
863	86.12	91.94	863	92.25	100.00
864	85.94	92.14	864	92.25	100.00
865	86.06	92.59	865	92.25	100.00
866	85.82	91.32	866	92.25	100.00
867	86.44	92.41	867	92.25	100.00
868	86.21	92.26	868	92.25	100.00
869	86.35	92.21	869	92.25	100.00
870	86.71	92.38	870	92.25	100.00
871	86.06	92.45	871	92.25	100.00
872	86.26	92.24	872	92.25	100.00
873	86.29	92.02	873	92.25	100.00
874	86.15	92.42	874	92.25	100.00
875	85.85	92.12	875	92.25	100.00
876	85.79	92.17	876	92.25	100.00
877	85.65	92.02	877	92.25	100.00
878	86.41	92.23	878	92.25	100.00
879	86.09	92.35	879	92.25	100.00
880	86.06	92.39	880	92.25	100.00
881	86.76	92.39	881	92.25	100.00
882	86.82	92.56	882	92.25	100.00
883	86.24	92.08	883	92.25	100.00
884	86.76	92.67	884	92.25	100.00
885	86.68	92.64	885	92.25	100.00
886	86.03	91.85	886	92.25	100.00
887	86.38	92.44	887	92.25	100.00
888	86.68	92.59	888	92.25	100.00
889	86.59	92.59	889	92.25	100.00
890	86.65	92.55	890	92.25	100.00
891	86.24	91.95	891	92.25	100.00
892	86.62	92.17	892	92.25	100.00
893	86.91	92.58	893	92.25	100.00
894	86.53	92.59	894	92.25	100.00
895	86.35	92.32	895	92.25	100.00
896	86.65	92.65	896	92.25	100.00
897	86.12	92.23	897	92.25	100.00
898	85.53	91.36	898	92.25	100.00
899	86.50	92.26	899	92.25	100.00
900	85.85	91.53	900	92.25	100.00
901	86.32	92.52	901	92.25	100.00
902	87.29	92.33	902	92.25	100.00
903	86.47	92.50	903	92.25	100.00
904	86.71	92.67	904	92.25	100.00
905	86.47	92.70	905	92.25	100.00
906	86.38	92.56	906	92.25	100.00
907	86.71	92.77	907	92.25	100.00
908	86.32	92.35	908	92.25	100.00
909	86.26	92.27	909	92.25	100.00
910	85.94	92.12	910	92.25	100.00
911	86.29	92.35	911	92.25	100.00
912	86.12	92.23	912	92.25	100.00
913	86.53	92.39	913	92.25	100.00
914	86.00	92.17	914	92.25	100.00
915	86.62	92.33	915	92.25	100.00
916	85.88	91.23	916	92.25	100.00
917	86.50	92.64	917	92.25	100.00
918	86.53	92.36	918	92.25	100.00
919	86.85	92.91	919	92.25	100.00
920	86.94	92.82	920	92.25	100.00
921	86.35	92.79	921	92.25	100.00
922	85.88	92.45	922	92.25	100.00
923	86.94	92.74	923	92.25	100.00
924	86.76	92.45	924	92.25	100.00
925	86.35	91.35	925	92.25	100.00
926	86.50	92.68	926	92.25	100.00
927	86.21	92.44	927	92.25	100.00
928	86.65	92.71	928	92.25	100.00
929	86.53	92.38	929	92.25	100.00
930	86.29	92.41	930	92.25	100.00
931	86.68	92.67	931	92.25	100.00
932	86.32	91.89	932	92.25	100.00
933	85.82	90.92	933	92.25	100.00
934	86.18	92.41	934	92.25	100.00
935	86.59	92.61	935	92.25	100.00
936	86.74	92.59	936	92.25	100.00
937	86.74	92.64	937	92.25	100.00
938	86.24	92.91	938	92.25	100.00
939	86.65	92.58	939	92.25	100.00
940	86.53	92.64	940	92.25	100.00
941	87.00	93.02	941	92.25	100.00
942	86.53	92.08	942	92.25	100.00
943	86.79	92.33	943	92.25	100.00
944	86.24	92.29	944	92.25	100.00
945	86.24	91.86	945	92.25	100.00
946	86.41	92.65	946	92.25	100.00
947	86.91	92.27	947	92.25	100.00
948	86.56	91.70	948	92.25	100.00
949	86.50	92.15	949	92.25	100.00
950	85.97	92.42	950	92.25	100.00
951	86.18	92.09	951	92.25	100.00
952	86.29	92.05	952	92.25	100.00
953	86.68	92.50	953	92.25	100.00
954	85.59	91.39	954	92.25	100.00
955	86.47	92.50	955	92.25	100.00
956	86.91	92.62	956	92.25	100.00
957	86.24	92.14	957	92.25	100.00
958	86.41	92.23	958	92.25	100.00
959	87.00	92.55	959	92.25	100.00
960	86.41	92.62	960	92.25	100.00
961	86.88	92.56	961	92.25	100.00
962	85.76	91.95	962	92.25	100.00
963	86.06	92.20	963	92.25	100.00
964	86.41	92.47	964	92.25	100.00
965	86.50	92.20	965	92.25	100.00
966	85.82	92.50	966	92.25	100.00
967	86.76	92.21	967	92.25	100.00
968	86.35	92.92	968	92.25	100.00
969	86.24	92.73	969	92.25	100.00
970	86.18	92.39	970	92.25	100.00
971	86.38	92.65	971	92.25	100.00
972	86.35	92.42	972	92.25	100.00
973	86.15	92.50	973	92.25	100.00
974	86.56	92.92	974	92.25	100.00
975	86.68	92.59	975	92.25	100.00
976	86.59	92.59	976	92.25	100.00
977	86.44	92.68	977	92.25	100.00
978	85.68	91.70	978	92.25	100.00
979	86.15	92.33	979	92.25	100.00
980	86.12	92.35	980	92.25	100.00
981	86.26	92.32	981	92.25	100.00
982	86.03	91.45	982	92.25	100.00
983	86.68	92.79	983	92.25	100.00
984	86.41	92.77	984	92.25	100.00
985	86.32	92.52	985	92.25	100.00
986	86.56	92.59	986	92.25	100.00
987	86.74	92.92	987	92.25	100.00
988	85.91	91.79	988	92.25	100.00
989	85.74	91.08	989	92.25	100.00
990	86.44	93.03	990	92.25	100.00
991	86.62	92.58	991	92.25	100.00
992	86.59	92.33	992	92.25	100.00
993	86.91	93.15	993	92.25	100.00
994	86.09	91.88	994	92.25	100.00
995	86.85	92.82	995	92.25	100.00
996	86.62	92.30	996	92.25	100.00
997	86.53	93.03	997	92.25	100.00
998	87.09	92.91	998	92.25	100.00
999	86.62	92.68	999	92.25	100.00
1000	86.82	92.20	1000	92.25	100.00
1001	86.50	92.73	1001	92.25	100.00
1002	86.91	92.44	1002	92.25	100.00
1003	86.44	92.62	1003	92.25	100.00
1004	86.71	92.85	1004	92.25	100.00
1005	86.35	92.56	1005	92.25	100.00
1006	86.12	91.89	1006	92.25	100.00
1007	86.44	93.17	1007	92.25	100.00
1008	86.59	93.02	1008	92.25	100.00
1009	86.59	92.27	1009	92.25	100.00
1010	86.50	92.61	1010	92.25	100.00
1011	86.85	93.17	1011	92.25	100.00
1012	86.47	92.95	1012	92.25	100.00
1013	86.59	92.79	1013	92.25	100.00
1014	86.62	92.71	1014	92.25	100.00
1015	86.26	92.79	1015	92.25	100.00
1016	86.32	92.11	1016	92.25	100.00
1017	86.47	92.98	1017	92.25	100.00
1018	86.82	92.68	1018	92.25	100.00
1019	86.79	92.91	1019	92.25	100.00
1020	86.47	93.29	1020	92.25	100.00
1021	86.94	93.08	1021	92.25	100.00
1022	86.44	92.88	1022	92.25	100.00
1023	86.35	93.02	1023	92.25	100.00
1024	86.59	92.76	1024	92.25	100.00
1025	86.00	92.83	1025	92.25	100.00
1026	86.50	92.53	1026	92.25	100.00
1027	86.91	92.41	1027	92.25	100.00
1028	86.35	92.73	1028	92.25	100.00
1029	86.50	92.79	1029	92.25	100.00
1030	86.38	92.77	1030	92.25	100.00
1031	86.71	92.64	1031	92.25	100.00
1032	85.38	91.50	1032	92.25	100.00
1033	86.53	92.61	1033	92.25	100.00
1034	85.79	92.36	1034	92.25	100.00
1035	86.41	92.48	1035	92.25	100.00
1036	86.15	91.65	1036	92.25	100.00
1037	85.91	92.09	1037	92.25	100.00
1038	85.50	91.94	1038	92.25	100.00
1039	86.26	92.80	1039	92.25	100.00
1040	85.79	91.71	1040	92.25	100.00
1041	85.94	91.52	1041	92.25	100.00
1042	85.91	92.52	1042	92.25	100.00
1043	85.62	91.52	1043	92.25	100.00
1044	85.85	91.95	1044	92.25	100.00
1045	86.12	92.65	1045	92.25	100.00
1046	86.74	92.77	1046	92.25	100.00
1047	86.32	92.39	1047	92.25	100.00
1048	86.24	92.48	1048	92.25	100.00
1049	85.88	92.65	1049	92.25	100.00
1050	86.32	92.80	1050	92.25	100.00
1051	86.00	92.62	1051	92.25	100.00
1052	86.32	92.39	1052	92.25	100.00
1053	86.06	92.42	1053	92.25	100.00
1054	86.41	92.59	1054	92.25	100.00
1055	85.71	92.18	1055	92.25	100.00
1056	85.59	92.02	1056	92.25	100.00
1057	86.38	92.52	1057	92.25	100.00
1058	85.82	92.39	1058	92.25	100.00
1059	85.53	91.08	1059	92.25	100.00
1060	85.68	92.08	1060	92.25	100.00
1061	86.00	92.67	1061	92.25	100.00
1062	85.50	92.17	1062	92.25	100.00
1063	85.56	91.94	1063	92.25	100.00
1064	86.06	92.98	1064	92.25	100.00
1065	85.97	92.45	1065	92.25	100.00
1066	85.97	92.33	1066	92.25	100.00
1067	86.06	92.00	1067	92.25	100.00
1068	85.68	91.50	1068	92.25	100.00
1069	85.79	92.30	1069	92.25	100.00
1070	85.38	91.80	1070	92.25	100.00
1071	86.00	92.38	1071	92.25	100.00
1072	85.94	92.21	1072	92.25	100.00
1073	85.79	92.14	1073	92.25	100.00
1074	86.06	92.58	1074	92.25	100.00
1075	85.38	91.38	1075	92.25	100.00
1076	85.47	92.29	1076	92.25	100.00
1077	86.03	92.02	1077	92.25	100.00
1078	84.85	91.71	1078	92.25	100.00
1079	86.32	92.41	1079	92.25	100.00
1080	85.97	91.82	1080	92.44	100.00
1081	85.79	91.88	1081	92.44	100.00
1082	84.94	90.71	1082	92.44	100.00
1083	85.50	92.14	1083	92.44	100.00
1084	85.56	92.06	1084	92.44	100.00
1085	85.85	92.50	1085	92.44	100.00
1086	86.15	92.86	1086	92.44	100.00
1087	85.71	92.80	1087	92.44	100.00
1088	85.59	92.38	1088	92.44	100.00
1089	85.59	91.64	1089	92.44	100.00
1090	86.50	92.89	1090	92.44	100.00
1091	85.91	92.48	1091	92.44	100.00
1092	85.65	92.48	1092	92.44	100.00
1093	86.09	92.91	1093	92.44	100.00
1094	85.62	92.52	1094	92.44	100.00
1095	85.74	92.20	1095	92.44	100.00
1096	86.09	92.35	1096	92.44	100.00
1097	85.59	91.71	1097	92.44	100.00
1098	85.97	92.18	1098	92.44	100.00
1099	85.85	92.56	1099	92.44	100.00
1100	85.76	92.38	1100	92.44	100.00
1101	86.15	92.35	1101	92.44	100.00
1102	85.71	92.50	1102	92.44	100.00
1103	86.00	92.79	1103	92.44	100.00
1104	85.56	91.98	1104	92.44	100.00
1105	86.15	92.18	1105	92.44	100.00
1106	86.15	92.29	1106	92.44	100.00
1107	85.62	92.41	1107	92.44	100.00
1108	85.53	91.03	1108	92.44	100.00
1109	86.50	92.56	1109	92.44	100.00
1110	86.15	92.50	1110	92.44	100.00
1111	86.18	92.77	1111	92.44	100.00
1112	86.24	92.73	1112	92.44	100.00
1113	86.50	92.74	1113	92.44	100.00
1114	86.18	92.58	1114	92.44	100.00
1115	86.18	92.62	1115	92.44	100.00
1116	86.00	92.41	1116	92.44	100.00
1117	85.06	91.94	1117	92.44	100.00
1118	85.91	92.50	1118	92.44	100.00
1119	86.12	92.20	1119	92.44	100.00
1120	85.47	92.35	1120	92.44	100.00
1121	86.21	92.86	1121	92.44	100.00
1122	85.68	92.56	1122	92.44	100.00
1123	85.62	91.44	1123	92.44	100.00
1124	85.71	92.12	1124	92.44	100.00
1125	85.62	92.09	1125	92.44	100.00
1126	85.32	91.27	1126	92.44	100.00
1127	85.44	91.74	1127	92.44	100.00
1128	85.38	91.38	1128	92.44	100.00
1129	85.24	92.15	1129	92.44	100.00
1130	85.29	91.94	1130	92.44	100.00
1131	85.79	92.61	1131	92.44	100.00
1132	85.44	92.02	1132	92.44	100.00
1133	85.59	92.36	1133	92.44	100.00
1134	86.29	92.67	1134	92.44	100.00
1135	85.29	92.55	1135	92.44	100.00
1136	85.91	92.30	1136	92.44	100.00
1137	85.91	92.39	1137	92.44	100.00
1138	85.71	92.30	1138	92.44	100.00
1139	85.68	92.14	1139	92.44	100.00
1140	85.68	91.58	1140	92.44	100.00
1141	85.82	92.27	1141	92.44	100.00
1142	85.76	92.23	1142	92.44	100.00
1143	85.74	91.76	1143	92.44	100.00
1144	85.32	91.85	1144	92.44	100.00
1145	85.97	92.09	1145	92.44	100.00
1146	85.06	90.97	1146	92.44	100.00
1147	85.35	91.77	1147	92.44	100.00
1148	85.53	91.32	1148	92.44	100.00
1149	85.94	91.77	1149	92.44	100.00
1150	85.38	91.56	1150	92.44	100.00
1151	85.94	91.86	1151	92.44	100.00
1152	85.62	91.71	1152	92.44	100.00
1153	85.47	92.35	1153	92.44	100.00
1154	85.41	92.14	1154	92.44	100.00
1155	85.59	91.98	1155	92.44	100.00
1156	85.76	92.29	1156	92.44	100.00
1157	85.68	92.12	1157	92.44	100.00
1158	85.24	91.82	1158	92.44	100.00
1159	85.47	91.89	1159	92.44	100.00
1160	85.59	92.20	1160	92.44	100.00
1161	85.88	92.48	1161	92.44	100.00
1162	85.91	92.29	1162	92.44	100.00
1163	85.71	92.67	1163	92.44	100.00
1164	85.85	91.92	1164	92.44	100.00
1165	85.09	92.15	1165	92.44	100.00
1166	85.09	91.65	1166	92.44	100.00
1167	85.65	91.88	1167	92.44	100.00
1168	85.50	91.95	1168	92.44	100.00
1169	85.56	92.32	1169	92.44	100.00
1170	85.15	92.09	1170	92.44	100.00
1171	85.68	92.18	1171	92.44	100.00
1172	85.35	92.36	1172	92.44	100.00
1173	85.68	92.53	1173	92.44	100.00
1174	85.88	92.24	1174	92.44	100.00
1175	85.50	92.27	1175	92.44	100.00
1176	85.74	91.98	1176	92.44	100.00
1177	85.35	92.05	1177	92.44	100.00
1178	85.76	92.92	1178	92.44	100.00
1179	86.06	92.61	1179	92.44	100.00
1180	85.91	92.26	1180	92.44	100.00
1181	86.09	92.29	1181	92.44	100.00
1182	85.24	91.77	1182	92.44	100.00
1183	85.68	91.77	1183	92.44	100.00
1184	85.38	91.94	1184	92.44	100.00
1185	85.56	91.88	1185	92.44	100.00
1186	85.50	91.82	1186	92.44	100.00
1187	85.76	92.21	1187	92.44	100.00
1188	85.59	92.00	1188	92.44	100.00
1189	85.74	92.58	1189	92.44	100.00
1190	85.41	91.56	1190	92.44	100.00
1191	85.21	92.03	1191	92.44	100.00
1192	85.15	91.82	1192	92.44	100.00
1193	85.76	92.73	1193	92.44	100.00
1194	85.47	92.06	1194	92.44	100.00
1195	85.68	92.00	1195	92.44	100.00
1196	85.85	92.62	1196	92.44	100.00
1197	85.76	92.26	1197	92.44	100.00
1198	85.79	92.23	1198	92.44	100.00
1199	85.41	92.24	1199	92.44	100.00
1200	85.50	92.35	1200	92.44	100.00
1201	85.59	92.21	1201	92.44	100.00
1202	85.65	92.18	1202	92.44	100.00
1203	85.44	91.77	1203	92.44	100.00
1204	85.82	92.45	1204	92.44	100.00
1205	85.76	92.58	1205	92.44	100.00
1206	85.59	91.94	1206	92.44	100.00
1207	85.74	91.52	1207	92.44	100.00
1208	85.21	92.29	1208	92.44	100.00
1209	86.68	93.09	1209	92.44	100.00
1210	86.35	92.23	1210	92.44	100.00
1211	85.65	92.56	1211	92.44	100.00
1212	85.59	92.35	1212	92.44	100.00
1213	85.53	92.11	1213	92.44	100.00
1214	86.18	92.67	1214	92.44	100.00
1215	86.21	91.88	1215	92.44	100.00
1216	86.18	92.76	1216	92.44	100.00
1217	85.82	92.47	1217	92.44	100.00
1218	85.91	92.23	1218	92.44	100.00
1219	85.68	92.44	1219	92.44	100.00
1220	85.74	92.68	1220	92.44	100.00
1221	85.82	93.17	1221	92.44	100.00
1222	85.18	92.47	1222	92.44	100.00
1223	85.50	92.76	1223	92.44	100.00
1224	86.06	92.71	1224	92.44	100.00
1225	86.65	92.53	1225	92.44	100.00
1226	86.41	92.36	1226	92.44	100.00
1227	85.85	92.94	1227	92.44	100.00
1228	86.41	92.55	1228	92.44	100.00
1229	85.65	92.59	1229	92.44	100.00
1230	86.06	93.03	1230	92.44	100.00
1231	86.32	93.05	1231	92.44	100.00
1232	85.85	92.76	1232	92.44	100.00
1233	85.82	92.91	1233	92.44	100.00
1234	86.26	92.42	1234	92.44	100.00
1235	85.88	92.35	1235	92.44	100.00
1236	85.62	91.89	1236	92.44	100.00
1237	85.97	92.65	1237	92.44	100.00
1238	85.88	93.02	1238	92.44	100.00
1239	85.76	92.23	1239	92.44	100.00
1240	86.35	92.80	1240	92.44	100.00
1241	86.06	92.80	1241	92.44	100.00
1242	86.12	93.02	1242	92.44	100.00
1243	86.03	92.09	1243	92.44	100.00
1244	85.53	92.12	1244	92.44	100.00
1245	85.26	92.11	1245	92.44	100.00
1246	85.41	91.03	1246	92.44	100.00
1247	85.97	92.48	1247	92.44	100.00
1248	86.12	92.52	1248	92.44	100.00
1249	85.97	92.05	1249	92.44	100.00
1250	85.88	92.27	1250	92.44	100.00
1251	85.85	92.29	1251	92.44	100.00
1252	86.00	92.23	1252	92.44	100.00
1253	86.06	91.79	1253	92.44	100.00
1254	85.68	92.52	1254	92.44	100.00
1255	85.85	92.91	1255	92.44	100.00
1256	85.91	92.45	1256	92.44	100.00
1257	86.15	92.53	1257	92.44	100.00
1258	86.15	92.59	1258	92.44	100.00
1259	86.26	91.97	1259	92.44	100.00
1260	86.15	92.65	1260	92.44	100.00
1261	86.00	92.47	1261	92.44	100.00
1262	86.35	92.67	1262	92.44	100.00
1263	86.26	93.23	1263	92.44	100.00
1264	86.32	92.76	1264	92.44	100.00
1265	86.09	92.68	1265	92.44	100.00
1266	86.21	92.85	1266	92.44	100.00
1267	86.15	92.44	1267	92.44	100.00
1268	86.24	92.86	1268	92.44	100.00
1269	85.76	92.89	1269	92.44	100.00
1270	86.26	92.91	1270	92.44	100.00
1271	86.59	92.98	1271	92.44	100.00
1272	86.26	92.73	1272	92.44	100.00
1273	86.06	92.36	1273	92.44	100.00
1274	86.18	93.15	1274	92.44	100.00
1275	86.41	92.61	1275	92.44	100.00
1276	86.06	92.58	1276	92.44	100.00
1277	86.53	92.64	1277	92.44	100.00
1278	86.32	92.62	1278	92.44	100.00
1279	85.88	92.56	1279	92.44	100.00
1280	86.65	92.88	1280	92.44	100.00
1281	86.47	93.03	1281	92.44	100.00
1282	86.41	92.47	1282	92.44	100.00
1283	86.41	92.89	1283	92.44	100.00
1284	86.12	93.02	1284	92.44	100.00
1285	86.15	92.82	1285	92.44	100.00
1286	86.47	92.94	1286	92.44	100.00
1287	86.44	92.65	1287	92.44	100.00
1288	86.06	92.59	1288	92.44	100.00
1289	85.97	92.64	1289	92.44	100.00
1290	86.29	92.55	1290	92.44	100.00
1291	85.94	92.53	1291	92.44	100.00
1292	85.88	92.32	1292	92.44	100.00
1293	85.88	92.38	1293	92.44	100.00
1294	86.18	92.15	1294	92.44	100.00
1295	86.06	92.85	1295	92.44	100.00
1296	85.79	92.50	1296	92.44	100.00
1297	86.44	93.12	1297	92.44	100.00
1298	86.00	92.73	1298	92.44	100.00
1299	85.97	92.73	1299	92.44	100.00
1300	85.79	92.70	1300	92.44	100.00
1301	85.97	92.27	1301	92.44	100.00
1302	85.74	92.32	1302	92.44	100.00
1303	85.82	92.86	1303	92.44	100.00
1304	86.50	93.03	1304	92.44	100.00
1305	86.62	93.11	1305	92.44	100.00
1306	86.32	92.71	1306	92.44	100.00
1307	86.18	92.70	1307	92.44	100.00
1308	84.97	91.71	1308	92.44	100.00
1309	86.38	92.71	1309	92.44	100.00
1310	85.59	92.50	1310	92.44	100.00
1311	86.21	92.76	1311	92.44	100.00
1312	85.35	92.14	1312	92.44	100.00
1313	85.47	92.41	1313	92.44	100.00
1314	86.47	92.67	1314	92.44	100.00
1315	86.59	92.95	1315	92.44	100.00
1316	85.44	91.08	1316	92.44	100.00
1317	85.65	91.32	1317	92.44	100.00
1318	86.41	93.03	1318	92.44	100.00
1319	85.56	91.52	1319	92.44	100.00
1320	86.06	92.55	1320	92.44	100.00
1321	86.21	92.82	1321	92.44	100.00
1322	86.06	92.70	1322	92.44	100.00
1323	86.53	93.15	1323	92.44	100.00
1324	86.00	92.52	1324	92.44	100.00
1325	86.29	93.17	1325	92.44	100.00
1326	86.09	92.73	1326	92.44	100.00
1327	85.88	92.80	1327	92.44	100.00
1328	86.12	92.64	1328	92.44	100.00
1329	86.06	92.48	1329	92.44	100.00
1330	86.38	92.68	1330	92.44	100.00
1331	85.79	92.48	1331	92.44	100.00
1332	85.79	92.91	1332	92.44	100.00
1333	86.00	92.68	1333	92.44	100.00
1334	86.35	93.03	1334	92.44	100.00
1335	86.41	93.50	1335	92.44	100.00
1336	86.50	92.89	1336	92.44	100.00
1337	86.24	92.26	1337	92.44	100.00
1338	85.82	92.47	1338	92.44	100.00
1339	86.26	92.45	1339	92.44	100.00
1340	86.74	93.39	1340	92.44	100.00
1341	85.91	92.65	1341	92.44	100.00
1342	86.18	92.70	1342	92.44	100.00
1343	86.09	93.14	1343	92.44	100.00
1344	86.26	92.55	1344	92.44	100.00
1345	85.91	92.89	1345	92.44	100.00
1346	86.21	92.82	1346	92.44	100.00
1347	86.26	92.58	1347	92.44	100.00
1348	85.91	92.58	1348	92.44	100.00
1349	86.47	93.05	1349	92.44	100.00
1350	86.09	92.50	1350	92.44	100.00
1351	86.32	93.23	1351	92.44	100.00
1352	85.71	92.27	1352	92.44	100.00
1353	86.15	92.68	1353	92.44	100.00
1354	86.18	92.91	1354	92.44	100.00
1355	85.97	92.52	1355	92.44	100.00
1356	86.21	92.32	1356	92.44	100.00
1357	86.15	92.67	1357	92.44	100.00
1358	86.47	92.83	1358	92.44	100.00
1359	86.62	92.80	1359	92.44	100.00
1360	85.88	91.98	1360	92.44	100.00
1361	86.79	93.39	1361	92.44	100.00
1362	86.32	92.79	1362	92.44	100.00
1363	85.91	92.29	1363	92.44	100.00
1364	85.79	92.44	1364	92.44	100.00
1365	85.53	91.98	1365	92.44	100.00
1366	85.97	92.05	1366	92.44	100.00
1367	86.12	92.27	1367	92.44	100.00
1368	85.91	91.86	1368	92.44	100.00
1369	86.00	92.48	1369	92.44	100.00
1370	86.62	92.47	1370	92.44	100.00
1371	86.12	92.44	1371	92.44	100.00
1372	86.56	92.36	1372	92.44	100.00
1373	85.65	91.97	1373	92.44	100.00
1374	86.88	92.85	1374	92.44	100.00
1375	86.82	92.97	1375	92.44	100.00
1376	86.06	92.64	1376	92.44	100.00
1377	86.41	93.12	1377	92.44	100.00
1378	86.79	92.85	1378	92.44	100.00
1379	86.18	91.67	1379	92.44	100.00
1380	86.29	92.97	1380	92.44	100.00
1381	86.71	93.32	1381	92.44	100.00
1382	86.47	93.18	1382	92.44	100.00
1383	86.74	92.48	1383	92.44	100.00
1384	85.62	92.06	1384	92.44	100.00
1385	86.00	92.18	1385	92.44	100.00
1386	86.18	92.48	1386	92.44	100.00
1387	86.47	93.03	1387	92.44	100.00
1388	86.85	93.12	1388	92.44	100.00
1389	86.97	92.71	1389	92.44	100.00
1390	86.47	93.09	1390	92.44	100.00
1391	86.24	92.92	1391	92.44	100.00
1392	85.09	91.97	1392	92.44	100.00
1393	86.15	92.95	1393	92.44	100.00
1394	86.38	93.15	1394	92.44	100.00
1395	86.24	92.89	1395	92.44	100.00
1396	86.41	92.38	1396	92.44	100.00
1397	86.12	92.39	1397	92.44	100.00
1398	86.18	93.05	1398	92.44	100.00
1399	86.09	93.20	1399	92.44	100.00
1400	85.56	92.17	1400	92.44	100.00
1401	86.21	93.00	1401	92.44	100.00
1402	86.26	92.95	1402	92.44	100.00
1403	86.74	93.42	1403	92.44	100.00
1404	86.32	93.12	1404	92.44	100.00
1405	86.65	92.67	1405	92.44	100.00
1406	86.41	93.38	1406	92.44	100.00
1407	86.06	92.77	1407	92.44	100.00
1408	86.18	92.68	1408	92.44	100.00
1409	86.71	92.67	1409	92.44	100.00
1410	86.06	92.36	1410	92.44	100.00
1411	86.59	93.00	1411	92.44	100.00
1412	86.06	93.21	1412	92.44	100.00
1413	86.15	92.92	1413	92.44	100.00
1414	86.56	93.20	1414	92.44	100.00
1415	86.12	93.21	1415	92.44	100.00
1416	86.65	93.23	1416	92.44	100.00
1417	86.41	93.08	1417	92.44	100.00
1418	85.74	92.71	1418	92.44	100.00
1419	86.56	93.00	1419	92.44	100.00
1420	85.82	92.27	1420	92.44	100.00
1421	86.94	93.14	1421	92.44	100.00
1422	85.97	92.17	1422	92.44	100.00
1423	85.97	93.00	1423	92.44	100.00
1424	86.15	92.41	1424	92.44	100.00
1425	86.26	92.76	1425	92.44	100.00
1426	86.59	93.29	1426	92.44	100.00
1427	85.85	92.89	1427	92.44	100.00
1428	86.00	92.39	1428	92.44	100.00
1429	86.76	92.12	1429	92.44	100.00
1430	86.85	93.26	1430	92.44	100.00
1431	86.59	93.05	1431	92.44	100.00
1432	86.38	93.39	1432	92.44	100.00
1433	86.65	93.94	1433	92.44	100.00
1434	86.26	93.18	1434	92.44	100.00
1435	86.65	93.29	1435	92.44	100.00
1436	86.47	93.71	1436	92.44	100.00
1437	85.85	93.06	1437	92.44	100.00
1438	86.50	93.05	1438	92.44	100.00
1439	86.44	93.27	1439	92.44	100.00
1440	87.06	93.53	1440	92.44	100.00
1441	86.18	92.58	1441	92.44	100.00
1442	86.44	93.50	1442	92.44	100.00
1443	86.35	93.23	1443	92.44	100.00
1444	86.88	93.71	1444	92.44	100.00
1445	86.32	93.14	1445	92.44	100.00
1446	86.56	93.24	1446	92.44	100.00
1447	86.38	93.05	1447	92.44	100.00
1448	87.09	93.14	1448	92.44	100.00
1449	86.32	93.36	1449	92.44	100.00
1450	86.65	93.00	1450	92.44	100.00
1451	86.68	92.80	1451	92.44	100.00
1452	87.06	93.44	1452	92.44	100.00
1453	87.09	93.61	1453	92.44	100.00
1454	86.38	93.02	1454	92.44	100.00
1455	86.68	93.29	1455	92.44	100.00
1456	87.21	93.21	1456	92.44	100.00
1457	86.56	93.45	1457	92.44	100.00
1458	87.41	93.45	1458	92.44	100.00
1459	87.29	93.27	1459	92.44	100.00
1460	87.15	93.59	1460	92.44	100.00
1461	86.71	93.89	1461	92.44	100.00
1462	86.38	93.59	1462	92.44	100.00
1463	86.06	93.62	1463	92.44	100.00
1464	86.62	93.29	1464	92.44	100.00
1465	86.35	93.02	1465	92.44	100.00
1466	86.00	92.64	1466	92.44	100.00
1467	86.41	92.88	1467	92.44	100.00
1468	86.53	93.80	1468	92.44	100.00
1469	87.09	93.38	1469	92.44	100.00
1470	86.32	93.56	1470	92.44	100.00
1471	86.29	93.06	1471	92.44	100.00
1472	85.29	92.61	1472	92.44	100.00
1473	86.21	92.68	1473	92.44	100.00
1474	86.56	93.53	1474	92.44	100.00
1475	86.56	92.68	1475	92.44	100.00
1476	86.74	93.41	1476	92.44	100.00
1477	86.71	93.68	1477	92.44	100.00
1478	86.68	93.67	1478	92.44	100.00
1479	86.18	93.09	1479	92.44	100.00
1480	86.35	93.39	1480	92.44	100.00
1481	86.47	93.14	1481	92.44	100.00
1482	86.00	92.59	1482	92.44	100.00
1483	87.56	93.64	1483	92.44	100.00
1484	86.09	92.83	1484	92.44	100.00
1485	86.09	92.79	1485	92.44	100.00
1486	86.41	91.92	1486	92.44	100.00
1487	86.29	92.94	1487	92.44	100.00
1488	86.15	93.23	1488	92.44	100.00
1489	85.85	92.71	1489	92.44	100.00
1490	86.76	93.30	1490	92.44	100.00
1491	87.00	93.39	1491	92.44	100.00
1492	86.94	93.38	1492	92.44	100.00
1493	86.82	93.55	1493	92.44	100.00
1494	86.65	93.62	1494	92.44	100.00
1495	87.21	93.55	1495	92.44	100.00
1496	86.44	92.83	1496	92.44	100.00
1497	86.56	93.20	1497	92.44	100.00
1498	86.56	93.20	1498	92.44	100.00
1499	87.00	92.97	1499	92.44	100.00
1500	86.59	93.15	1500	92.44	100.00
