10	54.62	100.00	10	73.82	100.00	10	60.26	100.00
20	74.03	100.00	20	75.03	95.00	20	73.50	90.00
30	74.35	100.00	30	75.38	90.00	30	76.24	90.00
40	73.44	100.00	40	78.56	77.50	40	78.15	82.50
50	72.62	100.00	50	78.56	78.00	50	78.85	88.00
60	72.15	100.00	60	78.56	75.00	60	77.26	85.00
70	71.41	100.00	70	71.91	81.43	70	78.12	85.71
80	71.09	100.00	80	67.88	85.00	80	77.09	91.25
90	71.12	100.00	90	71.26	86.67	90	78.18	88.89
100	71.50	100.00	100	70.65	87.00	100	76.71	85.00
110	72.32	100.00	110	75.06	93.64	110	78.21	87.27
120	71.76	100.00	120	73.38	85.83	120	79.00	85.83
130	72.03	100.00	130	76.15	86.15	130	80.65	86.15
140	72.26	100.00	140	76.32	82.86	140	79.71	85.71
150	72.21	100.00	150	81.94	82.67	150	80.79	85.33
160	71.26	100.00	160	76.47	92.50	160	81.32	85.00
170	71.06	100.00	170	79.38	80.00	170	81.71	84.12
180	71.15	100.00	180	80.88	93.33	180	82.06	86.11
190	72.68	100.00	190	81.65	92.63	190	81.65	84.74
200	72.97	100.00	200	83.74	86.50	200	81.24	85.50
210	73.44	100.00	210	83.53	86.67	210	81.91	84.29
220	73.53	100.00	220	80.82	92.27	220	81.00	84.09
230	73.74	100.00	230	81.76	93.48	230	80.24	84.35
240	74.18	100.00	240	83.15	87.08	240	80.82	85.42
250	74.38	100.00	250	83.15	87.20	250	81.03	85.60
260	74.21	100.00	260	83.65	86.92	260	81.15	84.23
270	73.68	100.00	270	83.65	87.04	270	81.32	83.70
280	73.79	100.00	280	83.65	86.79	280	81.97	83.93
290	74.91	100.00	290	83.88	87.24	290	81.50	85.52
300	74.85	100.00	300	83.53	85.67	300	81.00	84.33
310	75.12	100.00	310	83.47	87.74	310	81.09	84.52
320	75.47	100.00	320	84.47	85.94	320	80.47	83.75
330	75.76	100.00	330	84.09	84.55	330	80.97	84.55
340	75.68	100.00	340	84.65	84.71	340	81.18	84.41
350	75.88	100.00	350	84.65	84.57	350	81.21	84.00
360	76.62	100.00	360	84.35	85.56	360	80.00	83.89
370	76.62	100.00	370	81.15	88.11	370	80.26	84.05
380	76.74	100.00	380	80.53	87.11	380	80.41	84.21
390	76.82	100.00	390	81.15	88.21	390	80.38	84.36
400	77.15	100.00	400	81.47	89.50	400	81.24	85.75
410	77.53	100.00	410	80.88	87.80	410	82.44	85.37
420	77.68	100.00	420	79.29	85.48	420	82.03	85.48
430	77.76	100.00	430	79.29	85.58	430	82.00	86.05
440	77.85	100.00	440	82.59	85.91	440	81.68	85.45
450	77.91	100.00	450	79.12	84.67	450	82.82	86.89
460	77.82	100.00	460	79.29	83.70	460	82.15	85.22
470	77.88	100.00	470	80.56	84.68	470	81.91	85.11
480	77.88	100.00	480	80.18	85.42	480	82.62	84.79
490	78.03	100.00	490	81.38	84.69	490	82.76	85.31
500	77.91	100.00	500	81.62	84.60	500	82.59	85.40
510	77.82	100.00	510	84.41	84.90	510	82.62	85.49
520	77.97	100.00	520	84.41	85.00	520	82.88	85.38
530	78.29	100.00	530	84.41	84.91	530	82.88	85.47
540	77.91	100.00	540	84.41	85.00	540	82.85	85.56
550	78.09	100.00	550	84.41	85.09	550	82.97	85.64
560	78.26	100.00	560	84.41	85.36	560	83.09	85.54
570	78.21	100.00	570	84.41	85.26	570	82.65	84.91
580	78.26	100.00	580	84.65	85.00	580	82.82	84.66
590	78.71	100.00	590	84.50	85.59	590	82.88	84.92
600	78.68	100.00	600	84.50	85.67	600	83.09	85.00
610	78.53	100.00	610	84.50	85.41	610	82.94	83.77
620	78.44	100.00	620	84.41	85.48	620	82.82	83.71
630	78.47	100.00	630	84.50	85.08	630	82.41	82.70
640	78.62	100.00	640	84.50	85.16	640	82.68	82.97
650	78.59	100.00	650	84.50	85.23	650	82.41	83.69
660	78.82	100.00	660	84.85	85.15	660	82.62	83.33
670	79.06	100.00	670	84.85	85.22	670	82.76	83.28
680	79.06	100.00	680	84.85	85.00	680	82.74	82.35
690	79.09	100.00	690	84.85	85.07	690	82.79	83.04
700	79.26	100.00	700	84.85	85.00	700	82.56	83.57
710	79.35	100.00	710	84.41	85.07	710	82.88	83.10
720	79.71	100.00	720	84.41	85.28	720	82.65	82.92
730	80.12	100.00	730	84.41	85.48	730	83.00	82.74
740	80.15	100.00	740	84.44	85.41	740	82.88	82.43
750	80.06	100.00	750	84.29	85.60	750	83.15	82.13
760	80.03	100.00	760	84.29	85.66	760	83.12	82.24
770	80.06	100.00	770	84.29	85.84	770	83.00	82.34
780	80.12	100.00	780	84.29	85.77	780	82.94	83.21
790	80.15	100.00	790	84.29	85.70	790	83.03	83.04
800	80.00	100.00	800	84.29	85.75	800	83.21	82.75
810	79.82	100.00	810	84.41	85.06	810	83.29	82.22
820	79.94	100.00	820	84.41	85.00	820	83.06	81.83
830	80.09	100.00	830	84.41	84.94	830	82.74	81.93
840	79.82	100.00	840	84.59	85.12	840	82.97	82.26
850	79.91	100.00	850	84.18	85.88	850	83.09	82.47
860	79.94	100.00	860	84.59	85.00	860	82.85	82.44
870	79.85	100.00	870	84.59	84.94	870	83.03	82.30
880	79.88	100.00	880	84.59	84.89	880	82.85	82.16
890	79.91	100.00	890	84.59	84.94	890	83.00	82.13
900	80.09	100.00	900	84.59	84.89	900	82.79	82.56
910	80.00	100.00	910	84.47	84.95	910	82.94	82.09
920	80.26	100.00	920	84.47	84.89	920	82.85	82.50
930	80.29	100.00	930	84.47	85.05	930	82.88	82.58
940	80.26	100.00	940	84.38	85.21	940	82.88	82.77
950	80.29	100.00	950	84.47	85.16	950	82.97	82.74
960	80.41	100.00	960	84.38	85.52	960	83.00	82.60
970	80.38	100.00	970	84.38	85.57	970	83.21	82.78
980	80.38	100.00	980	84.38	85.51	980	82.76	82.76
990	80.41	100.00	990	84.47	85.25	990	82.82	82.83
1000	80.56	100.00	1000	84.47	85.40	1000	82.97	82.60
1010	80.38	100.00	1010	84.47	85.45	1010	83.06	82.57
1020	80.35	100.00	1020	84.59	85.49	1020	83.03	82.75
1030	80.29	100.00	1030	84.29	86.21	1030	83.15	82.72
1040	80.29	100.00	1040	84.35	86.25	1040	82.88	82.98
1050	80.29	100.00	1050	84.50	86.76	1050	82.76	82.67
1060	80.29	100.00	1060	84.35	86.32	1060	82.76	82.83
1070	80.18	100.00	1070	84.35	86.17	1070	82.76	82.80
1080	80.18	100.00	1080	84.35	86.11	1080	82.76	82.78
1090	80.15	100.00	1090	84.35	86.15	1090	82.68	82.94
1100	80.12	100.00	1100	84.38	86.36	1100	82.71	83.00
1110	80.24	100.00	1110	84.38	86.40	1110	82.38	82.61
1120	80.21	100.00	1120	84.38	86.34	1120	82.26	82.68
1130	80.09	100.00	1130	84.38	86.37	1130	82.06	82.48
1140	80.24	100.00	1140	84.74	85.79	1140	82.15	82.81
1150	80.24	100.00	1150	84.74	85.83	1150	82.85	82.96
1160	80.26	100.00	1160	84.74	85.69	1160	82.88	83.02
1170	80.29	100.00	1170	84.74	85.81	1170	82.68	82.99
1180	80.09	100.00	1180	84.74	85.85	1180	82.82	82.97
1190	80.18	100.00	1190	84.15	90.08	1190	82.76	82.77
1200	80.29	100.00	1200	85.53	86.50	1200	82.91	83.17
1210	80.32	100.00	1210	85.53	86.61	1210	83.00	83.22
1220	80.41	100.00	1220	85.53	86.64	1220	82.85	83.52
1230	80.35	100.00	1230	85.53	86.42	1230	82.88	83.01
1240	80.44	100.00	1240	85.53	86.53	1240	82.85	83.15
1250	80.50	100.00	1250	84.85	85.60	1250	83.12	83.04
1260	80.38	100.00	1260	85.35	85.71	1260	83.00	82.78
1270	80.29	100.00	1270	85.00	85.12	1270	82.88	82.44
1280	80.29	100.00	1280	85.00	85.16	1280	82.94	82.66
1290	80.47	100.00	1290	85.41	85.74	1290	82.82	82.40
1300	80.38	100.00	1300	85.41	85.77	1300	82.76	82.23
1310	80.12	100.00	1310	85.50	85.27	1310	82.65	82.21
1320	80.12	100.00	1320	85.50	85.38	1320	82.71	82.20
1330	80.32	100.00	1330	85.50	85.41	1330	82.65	82.18
1340	80.38	100.00	1340	85.35	85.30	1340	82.65	82.09
1350	80.35	100.00	1350	85.35	85.19	1350	82.62	82.00
1360	80.38	100.00	1360	85.35	85.15	1360	82.59	81.91
1370	80.35	100.00	1370	84.85	84.96	1370	82.59	81.97
1380	80.24	100.00	1380	84.85	84.93	1380	82.62	81.74
1390	80.29	100.00	1390	85.00	85.04	1390	82.62	81.80
1400	80.26	100.00	1400	85.00	85.00	1400	82.62	81.79
1410	80.47	100.00	1410	85.00	85.04	1410	82.62	81.84
1420	80.56	100.00	1420	85.00	85.00	1420	82.59	81.83
1430	80.38	100.00	1430	84.85	85.17	1430	82.62	81.75
1440	80.47	100.00	1440	84.85	85.28	1440	82.65	81.81
1450	80.56	100.00	1450	84.85	85.24	1450	82.65	81.79
1460	80.71	100.00	1460	84.85	85.27	1460	82.59	81.85
1470	80.71	100.00	1470	84.56	86.26	1470	82.59	81.77
1480	80.76	100.00	1480	84.85	85.41	1480	82.65	81.82
1490	80.82	100.00	1490	84.85	85.44	1490	82.65	81.81
1500	80.85	100.00	1500	84.85	85.47	1500	82.59	81.80
1510	80.91	100.00	1510	84.85	85.56	1510	82.62	81.92
1520	80.94	100.00	1520	84.85	85.59	1520	82.71	81.91
1530	80.68	100.00	1530	84.85	85.69	1530	82.74	81.96
1540	80.68	100.00	1540	84.85	85.65	1540	82.71	82.01
1550	80.59	100.00	1550	85.26	87.03	1550	82.59	82.06
1560	80.59	100.00	1560	85.26	87.05	1560	82.59	82.12
1570	80.68	100.00	1570	85.41	86.05	1570	82.62	82.10
1580	80.65	100.00	1580	85.35	85.82	1580	82.74	81.90
1590	80.65	100.00	1590	85.35	85.85	1590	82.71	82.01
1600	80.65	100.00	1600	85.35	85.81	1600	82.74	81.94
1610	80.71	100.00	1610	85.50	85.71	1610	82.71	81.99
1620	80.74	100.00	1620	85.50	85.68	1620	82.65	82.04
1630	80.82	100.00	1630	85.50	85.77	1630	82.71	81.96
1640	80.79	100.00	1640	85.50	85.67	1640	82.76	81.95
1650	80.82	100.00	1650	85.50	85.70	1650	82.71	82.00
1660	80.82	100.00	1660	85.50	85.66	1660	82.65	82.05
1670	80.79	100.00	1670	85.50	85.57	1670	82.74	81.92
1680	80.76	100.00	1680	85.50	85.54	1680	82.76	81.79
1690	81.12	100.00	1690	85.50	85.50	1690	82.74	81.78
1700	81.15	100.00	1700	85.50	85.53	1700	82.71	81.82
1710	81.15	100.00	1710	85.18	87.13	1710	82.94	81.93
1720	81.24	100.00	1720	84.88	87.44	1720	82.76	81.92
1730	81.32	100.00	1730	84.88	87.51	1730	82.82	81.91
1740	81.24	100.00	1740	84.88	87.59	1740	82.91	82.01
1750	81.09	100.00	1750	84.79	85.66	1750	82.74	81.83
1760	81.06	100.00	1760	85.09	85.28	1760	82.79	81.76
1770	81.09	100.00	1770	84.47	87.01	1770	82.79	81.81
1780	81.12	100.00	1780	84.47	87.08	1780	82.94	82.08
1790	81.29	100.00	1790	84.79	85.75	1790	82.85	82.07
1800	81.41	100.00	1800	84.79	85.78	1800	82.94	82.11
1810	81.47	100.00	1810	85.09	85.41	1810	82.97	82.27
1820	81.47	100.00	1820	85.09	85.38	1820	82.88	82.09
1830	81.50	100.00	1830	85.09	85.41	1830	83.12	82.51
1840	81.53	100.00	1840	85.06	86.68	1840	83.06	82.34
1850	81.59	100.00	1850	85.06	86.70	1850	83.88	83.03
1860	81.74	100.00	1860	85.06	86.77	1860	83.85	83.12
1870	81.41	100.00	1870	84.44	85.83	1870	83.76	83.16
1880	81.38	100.00	1880	84.76	86.76	1880	83.85	82.98
1890	81.38	100.00	1890	84.44	85.87	1890	83.94	83.39
1900	81.50	100.00	1900	84.44	85.79	1900	84.12	83.68
1910	81.50	100.00	1910	84.44	85.81	1910	84.21	83.66
1920	81.59	100.00	1920	84.44	85.73	1920	83.94	84.11
1930	81.53	100.00	1930	84.76	85.75	1930	84.24	83.68
1940	81.56	100.00	1940	84.76	85.82	1940	84.21	83.51
1950	81.56	100.00	1950	84.76	85.90	1950	83.82	82.77
1960	81.68	100.00	1960	84.76	85.92	1960	83.82	82.76
1970	81.76	100.00	1970	84.88	86.85	1970	83.97	82.94
1980	81.74	100.00	1980	84.76	85.91	1980	83.82	82.68
1990	81.91	100.00	1990	84.76	85.98	1990	83.65	82.71
2000	81.91	100.00	2000	84.62	86.95	2000	83.47	82.60
2010	82.03	100.00	2010	85.12	86.92	2010	83.53	82.49
2020	82.06	100.00	2020	85.12	86.88	2020	83.12	82.72
2030	82.00	100.00	2030	85.15	89.75	2030	83.15	82.61
2040	82.00	100.00	2040	85.00	86.96	2040	83.35	82.55
2050	82.00	100.00	2050	85.00	86.98	2050	83.62	82.68
2060	82.18	100.00	2060	85.00	86.99	2060	83.47	82.82
2070	82.21	100.00	2070	85.00	86.96	2070	83.56	82.71
2080	82.24	100.00	2080	85.00	86.97	2080	83.18	82.74
2090	82.21	100.00	2090	85.00	87.03	2090	83.12	82.78
2100	82.12	100.00	2100	84.88	87.00	2100	83.44	82.95
2110	82.26	100.00	2110	85.35	90.28	2110	83.06	82.56
2120	82.29	100.00	2120	84.71	87.31	2120	83.18	82.55
2130	82.41	100.00	2130	84.47	86.95	2130	83.44	82.58
2140	82.35	100.00	2140	85.15	90.05	2140	83.32	82.66
2150	82.44	100.00	2150	85.06	86.65	2150	83.44	82.70
2160	82.44	100.00	2160	84.94	87.18	2160	83.79	82.92
2170	82.50	100.00	2170	85.59	86.50	2170	84.03	82.95
2180	82.47	100.00	2180	85.59	86.42	2180	83.79	82.98
2190	82.50	100.00	2190	85.53	86.62	2190	84.00	83.15
2200	82.56	100.00	2200	85.53	86.68	2200	84.03	83.14
2210	82.50	100.00	2210	85.68	86.56	2210	83.97	83.08
2220	82.44	100.00	2220	85.68	86.58	2220	84.09	83.11
2230	82.47	100.00	2230	85.68	86.64	2230	84.12	83.18
2240	82.44	100.00	2240	85.68	86.65	2240	84.03	83.26
2250	82.44	100.00	2250	85.62	86.71	2250	83.82	83.29
2260	82.41	100.00	2260	85.62	86.73	2260	83.88	83.10
2270	82.41	100.00	2270	85.62	86.78	2270	83.50	83.26
2280	82.41	100.00	2280	85.38	86.84	2280	83.44	83.38
2290	82.38	100.00	2290	85.38	86.90	2290	83.50	83.14
2300	82.35	100.00	2300	85.29	86.83	2300	83.44	83.17
2310	82.35	100.00	2310	85.29	86.84	2310	83.62	83.81
2320	82.38	100.00	2320	85.29	86.81	2320	83.38	83.49
2330	82.38	100.00	2330	85.29	86.70	2330	83.74	83.82
2340	82.35	100.00	2340	85.38	86.71	2340	83.65	83.80
2350	82.35	100.00	2350	85.24	87.15	2350	83.56	83.79
2360	82.41	100.00	2360	85.24	87.20	2360	83.71	84.07
2370	82.41	100.00	2370	85.38	86.92	2370	83.59	83.88
2380	82.41	100.00	2380	85.38	86.93	2380	83.62	83.82
2390	82.41	100.00	2390	85.38	86.95	2390	83.59	83.56
2400	82.35	100.00	2400	85.44	86.92	2400	83.50	83.79
2410	82.35	100.00	2410	85.85	90.87	2410	83.59	83.82
2420	82.21	100.00	2420	85.85	90.91	2420	83.56	84.13
2430	82.21	100.00	2430	85.85	90.95	2430	83.59	84.07
2440	82.24	100.00	2440	85.94	90.98	2440	83.53	83.85
2450	82.24	100.00	2450	86.06	90.24	2450	83.50	83.59
2460	82.26	100.00	2460	86.21	90.24	2460	83.21	83.74
2470	82.32	100.00	2470	86.21	90.20	2470	83.24	83.60
2480	82.47	100.00	2480	85.82	90.12	2480	83.29	83.55
2490	82.41	100.00	2490	85.74	90.40	2490	83.24	83.57
2500	82.41	100.00	2500	85.65	90.28	2500	83.32	83.56
2510	82.47	100.00	2510	85.71	90.28	2510	83.41	83.75
2520	82.41	100.00	2520	85.79	89.84	2520	83.18	83.49
2530	82.38	100.00	2530	86.12	89.92	2530	83.24	83.68
2540	82.56	100.00	2540	86.18	90.00	2540	83.47	83.82
2550	82.65	100.00	2550	86.21	90.04	2550	83.26	83.61
2560	82.65	100.00	2560	86.21	90.16	2560	83.35	83.79
2570	82.62	100.00	2570	86.03	90.51	2570	83.21	83.77
2580	82.74	100.00	2580	85.94	90.43	2580	83.38	83.80
2590	82.76	100.00	2590	85.85	90.46	2590	83.29	83.82
2600	82.88	100.00	2600	85.88	90.54	2600	83.29	83.88
2610	82.85	100.00	2610	85.79	90.50	2610	83.32	83.83
2620	82.85	100.00	2620	85.91	90.50	2620	83.47	84.16
2630	82.91	100.00	2630	85.91	90.49	2630	83.38	83.95
2640	82.91	100.00	2640	85.53	90.49	2640	83.26	83.83
2650	82.91	100.00	2650	85.94	90.42	2650	83.53	84.19
2660	83.03	100.00	2660	85.15	90.64	2660	83.35	84.06
2670	82.97	100.00	2670	85.50	90.56	2670	83.44	84.04
2680	82.94	100.00	2680	85.50	90.60	2680	83.32	84.03
2690	82.88	100.00	2690	85.50	90.59	2690	83.41	84.13
2700	82.88	100.00	2700	85.74	90.67	2700	83.41	84.11
2710	82.88	100.00	2710	85.74	90.66	2710	83.35	84.13
2720	82.91	100.00	2720	86.03	90.44	2720	83.56	84.26
2730	82.88	100.00	2730	86.03	90.44	2730	83.56	84.47
2740	82.88	100.00	2740	86.06	90.47	2740	83.47	84.27
2750	82.94	100.00	2750	86.06	90.44	2750	83.41	84.25
2760	82.94	100.00	2760	86.06	90.25	2760	83.38	84.35
2770	82.94	100.00	2770	85.53	87.00	2770	83.59	84.08
2780	82.94	100.00	2780	85.47	86.98	2780	83.59	84.03
2790	83.00	100.00	2790	85.47	86.99	2790	83.56	84.05
2800	83.06	100.00	2800	85.76	87.21	2800	83.59	84.29
2810	83.06	100.00	2810	85.44	87.54	2810	83.62	84.34
2820	83.09	100.00	2820	85.38	88.05	2820	83.53	84.11
2830	83.09	100.00	2830	85.38	88.09	2830	83.71	84.10
2840	83.00	100.00	2840	85.12	87.82	2840	83.88	84.01
2850	83.15	100.00	2850	85.44	87.44	2850	83.68	83.96
2860	83.15	100.00	2860	85.44	87.45	2860	83.71	83.95
2870	83.15	100.00	2870	85.44	87.46	2870	83.68	83.97
2880	83.18	100.00	2880	85.59	89.97	2880	83.62	83.92
2890	83.15	100.00	2890	85.29	88.17	2890	83.71	83.88
2900	83.18	100.00	2900	85.44	88.10	2900	83.56	83.90
2910	83.21	100.00	2910	85.44	88.11	2910	83.50	84.02
2920	83.26	100.00	2920	85.44	88.08	2920	83.59	84.01
2930	83.26	100.00	2930	84.88	89.76	2930	83.71	84.10
2940	83.26	100.00	2940	84.74	90.00	2940	83.56	83.98
2950	83.26	100.00	2950	84.74	89.97	2950	83.62	83.86
2960	83.35	100.00	2960	84.74	90.41	2960	83.59	83.82
2970	83.35	100.00	2970	85.24	90.10	2970	83.53	83.77
2980	83.50	100.00	2980	84.88	90.67	2980	83.62	83.83
2990	83.38	100.00	2990	85.18	90.84	2990	83.65	84.01
3000	83.47	100.00	3000	84.88	90.77	3000	83.68	84.10
3010	83.47	100.00	3010	84.85	90.73	3010	83.56	84.05
3020	83.47	100.00	3020	84.91	91.09	3020	83.50	83.94
3030	83.47	100.00	3030	85.06	90.66	3030	83.53	83.83
3040	83.56	100.00	3040	85.29	90.82	3040	83.44	83.72
3050	83.56	100.00	3050	85.62	90.85	3050	83.38	83.57
3060	83.59	100.00	3060	85.38	90.62	3060	83.29	83.86
3070	83.59	100.00	3070	85.35	91.07	3070	83.35	83.88
3080	83.68	100.00	3080	85.68	89.87	3080	83.35	83.73
3090	83.79	100.00	3090	85.68	89.90	3090	83.38	83.72
3100	83.85	100.00	3100	85.68	89.90	3100	83.29	83.74
3110	83.85	100.00	3110	85.68	89.87	3110	83.35	83.79
3120	83.88	100.00	3120	85.68	89.90	3120	83.24	83.88
3130	83.82	100.00	3130	85.59	89.87	3130	83.24	83.90
3140	83.71	100.00	3140	85.41	89.97	3140	83.41	83.76
3150	83.71	100.00	3150	85.44	89.90	3150	83.38	83.71
3160	83.71	100.00	3160	85.59	90.03	3160	83.35	83.77
3170	83.76	100.00	3170	85.62	90.25	3170	83.50	83.69
3180	83.91	100.00	3180	85.71	90.38	3180	83.44	83.58
3190	83.91	100.00	3190	85.41	89.94	3190	83.47	83.48
3200	83.91	100.00	3200	85.41	89.91	3200	83.44	83.63
3210	83.88	100.00	3210	85.44	90.03	3210	83.50	83.71
3220	83.91	100.00	3220	85.26	89.97	3220	83.56	83.70
3230	83.94	100.00	3230	85.26	90.00	3230	83.56	83.72
3240	84.12	100.00	3240	85.21	90.00	3240	83.50	83.64
3250	84.09	100.00	3250	85.21	90.03	3250	83.44	83.72
3260	84.09	100.00	3260	85.15	89.88	3260	83.56	83.71
3270	84.24	100.00	3270	85.15	89.85	3270	83.41	83.73
3280	84.24	100.00	3280	85.35	90.00	3280	83.50	83.84
3290	84.24	100.00	3290	85.32	89.85	3290	83.56	83.77
3300	84.26	100.00	3300	85.32	90.00	3300	83.53	83.85
3310	84.24	100.00	3310	85.32	90.00	3310	83.47	83.78
3320	84.24	100.00	3320	85.44	90.21	3320	83.47	83.89
3330	84.29	100.00	3330	85.50	90.15	3330	83.35	83.87
3340	84.44	100.00	3340	85.50	89.82	3340	83.59	83.89
3350	84.44	100.00	3350	85.50	90.15	3350	83.53	83.82
3360	84.47	100.00	3360	85.50	90.18	3360	83.53	83.84
3370	84.47	100.00	3370	85.50	90.18	3370	83.50	83.80
3380	84.53	100.00	3380	85.59	90.18	3380	83.56	83.82
3390	84.56	100.00	3390	85.59	90.18	3390	83.44	83.81
3400	84.62	100.00	3400	85.59	90.21	3400	83.62	83.85
3410	84.68	100.00	3410	85.59	90.26	3410	83.38	83.99
3420	84.65	100.00	3420	85.68	90.18	3420	83.35	83.80
3430	84.71	100.00	3430	85.44	89.68	3430	83.35	83.85
3440	84.71	100.00	3440	85.50	89.71	3440	83.26	83.81
3450	84.74	100.00	3450	85.50	89.68	3450	83.47	83.91
3460	84.79	100.00	3460	85.68	89.54	3460	83.74	84.02
3470	84.76	100.00	3470	85.68	89.57	3470	83.68	84.06
3480	84.74	100.00	3480	85.68	89.54	3480	83.71	84.02
3490	84.74	100.00	3490	86.03	89.74	3490	83.74	84.01
3500	84.79	100.00	3500	85.76	89.37	3500	83.71	83.77
3510	84.82	100.00	3510	85.56	89.09	3510	83.62	83.93
3520	84.85	100.00	3520	85.56	89.03	3520	83.71	83.92
3530	84.94	100.00	3530	85.56	89.04	3530	83.74	83.85
3540	84.88	100.00	3540	85.56	89.07	3540	83.62	83.95
3550	84.88	100.00	3550	85.68	89.13	3550	83.53	84.06
3560	84.94	100.00	3560	85.68	89.16	3560	83.59	84.02
3570	84.97	100.00	3570	85.68	89.13	3570	83.50	83.92
3580	85.12	100.00	3580	85.65	89.11	3580	83.62	83.88
3590	85.09	100.00	3590	85.65	89.11	3590	83.65	83.96
3600	84.91	100.00	3600	85.65	89.11	3600	83.62	83.89
3610	84.91	100.00	3610	85.65	89.14	3610	83.68	84.07
3620	84.91	100.00	3620	85.65	89.17	3620	83.56	83.76
3630	84.94	100.00	3630	85.59	89.23	3630	83.65	83.77
3640	84.82	100.00	3640	85.62	89.40	3640	83.59	83.79
3650	84.85	100.00	3650	85.62	89.40	3650	83.53	83.84
3660	84.82	100.00	3660	85.68	89.78	3660	83.59	83.77
3670	84.82	100.00	3670	85.68	89.81	3670	83.50	83.87
3680	84.79	100.00	3680	85.71	89.78	3680	83.71	83.94
3690	84.79	100.00	3690	85.88	90.05	3690	83.53	83.82
3700	84.74	100.00	3700	85.91	90.03	3700	83.65	83.97
3710	84.74	100.00	3710	85.91	90.05	3710	83.56	83.96
3720	84.79	100.00	3720	85.91	90.08	3720	83.65	84.06
3730	84.79	100.00	3730	85.91	90.08	3730	83.74	84.05
3740	84.79	100.00	3740	85.79	89.95	3740	83.62	84.09
3750	84.82	100.00	3750	85.79	89.95	3750	83.71	83.95
3760	84.82	100.00	3760	85.68	89.79	3760	83.68	83.99
3770	84.82	100.00	3770	85.68	89.79	3770	83.56	84.06
3780	84.88	100.00	3780	85.79	89.81	3780	83.79	84.05
3790	84.88	100.00	3790	85.79	89.82	3790	83.62	84.06
3800	84.91	100.00	3800	85.91	89.97	3800	83.71	84.05
3810	84.91	100.00	3810	85.97	89.97	3810	83.68	84.07
3820	84.91	100.00	3820	86.09	90.05	3820	83.74	84.11
3830	85.00	100.00	3830	86.09	90.03	3830	83.71	84.10
3840	85.00	100.00	3840	86.26	89.95	3840	83.68	84.04
3850	85.00	100.00	3850	86.38	89.77	3850	83.71	83.95
3860	84.97	100.00	3860	86.35	89.72	3860	83.65	83.86
3870	85.00	100.00	3870	86.26	89.69	3870	83.65	83.85
3880	85.09	100.00	3880	86.26	89.69	3880	83.59	83.87
3890	85.03	100.00	3890	86.26	89.69	3890	83.68	83.93
3900	85.06	100.00	3900	86.26	89.72	3900	83.53	83.95
3910	85.03	100.00	3910	86.26	89.72	3910	83.53	83.99
3920	85.06	100.00	3920	86.00	89.64	3920	83.53	84.01
3930	85.00	100.00	3930	86.06	89.31	3930	83.47	83.99
3940	85.06	100.00	3940	86.09	89.62	3940	83.47	84.01
3950	85.06	100.00	3950	86.06	89.34	3950	83.47	84.05
3960	85.06	100.00	3960	86.06	89.37	3960	83.47	84.07
3970	85.09	100.00	3970	85.76	89.62	3970	83.68	84.11
3980	85.09	100.00	3980	85.82	89.77	3980	83.76	84.07
3990	85.09	100.00	3990	85.56	89.70	3990	83.76	83.91
4000	85.09	100.00	4000	85.65	90.10	4000	83.74	83.93
4010	85.09	100.00	4010	85.59	90.45	4010	83.88	84.06
4020	85.09	100.00	4020	85.56	90.50	4020	83.97	84.08
4030	85.09	100.00	4030	85.56	90.17	4030	83.88	84.07
4040	85.15	100.00	4040	85.59	90.15	4040	83.82	84.08
4050	85.24	100.00	4050	85.56	90.15	4050	83.79	84.00
4060	85.24	100.00	4060	85.56	90.17	4060	83.82	84.14
4070	85.21	100.00	4070	85.56	90.15	4070	83.59	84.10
4080	85.24	100.00	4080	85.47	90.07	4080	83.85	84.04
4090	85.32	100.00	4090	85.47	90.07	4090	83.68	84.11
4100	85.32	100.00	4100	85.47	90.10	4100	83.74	84.17
4110	85.32	100.00	4110	85.47	90.12	4110	83.91	84.09
4120	85.35	100.00	4120	85.41	89.81	4120	83.91	84.22
4130	85.35	100.00	4130	85.44	89.73	4130	83.85	84.26
4140	85.35	100.00	4140	85.41	89.86	4140	83.91	84.35
4150	85.24	100.00	4150	85.41	89.73	4150	83.91	84.29
4160	85.24	100.00	4160	85.38	89.81	4160	83.88	84.25
4170	85.18	100.00	4170	85.65	89.28	4170	83.88	84.24
4180	85.18	100.00	4180	85.65	89.31	4180	83.82	84.09
4190	85.24	100.00	4190	85.79	89.45	4190	83.74	84.06
4200	85.24	100.00	4200	85.76	89.67	4200	83.79	84.05
4210	85.24	100.00	4210	85.76	89.69	4210	83.79	84.13
4220	85.24	100.00	4220	85.76	89.67	4220	83.74	84.05
4230	85.32	100.00	4230	85.71	89.69	4230	83.62	83.95
4240	85.32	100.00	4240	85.71	89.72	4240	83.59	84.01
4250	85.35	100.00	4250	85.71	89.74	4250	83.47	84.05
4260	85.35	100.00	4260	85.71	89.74	4260	83.59	83.92
4270	85.35	100.00	4270	85.74	89.60	4270	83.65	83.89
4280	85.29	100.00	4280	85.74	89.60	4280	83.53	84.00
4290	85.35	100.00	4290	85.62	90.02	4290	83.62	84.01
4300	85.35	100.00	4300	85.53	89.84	4300	83.47	83.91
4310	85.32	100.00	4310	85.68	89.86	4310	83.59	83.97
4320	85.38	100.00	4320	85.82	89.54	4320	83.65	84.00
4330	85.44	100.00	4330	85.82	89.54	4330	83.50	84.04
4340	85.44	100.00	4340	85.68	89.47	4340	83.50	84.06
4350	85.47	100.00	4350	85.68	89.47	4350	83.47	84.09
4360	85.47	100.00	4360	85.65	89.50	4360	83.62	84.06
4370	85.41	100.00	4370	85.62	89.52	4370	83.59	84.10
4380	85.44	100.00	4380	85.62	89.50	4380	83.65	84.16
4390	85.38	100.00	4390	85.47	89.98	4390	83.56	84.03
4400	85.35	100.00	4400	85.41	90.25	4400	83.65	83.93
4410	85.41	100.00	4410	85.41	90.23	4410	83.74	83.92
4420	85.41	100.00	4420	85.29	90.34	4420	83.53	83.91
4430	85.56	100.00	4430	85.18	90.41	4430	83.76	84.22
4440	85.56	100.00	4440	85.24	90.47	4440	83.71	84.10
4450	85.53	100.00	4450	85.24	90.43	4450	83.68	84.13
4460	85.50	100.00	4460	86.12	91.26	4460	83.59	83.99
4470	85.50	100.00	4470	86.12	90.98	4470	83.56	83.96
4480	85.50	100.00	4480	86.15	90.98	4480	83.62	84.00
4490	85.53	100.00	4490	86.15	90.98	4490	83.65	83.88
4500	85.62	100.00	4500	86.24	90.89	4500	83.68	83.71
4510	85.65	100.00	4510	86.41	90.78	4510	83.76	83.84
4520	85.71	100.00	4520	86.41	90.77	4520	83.65	83.87
4530	85.65	100.00	4530	86.47	90.82	4530	83.71	83.80
4540	85.65	100.00	4540	86.21	90.44	4540	83.82	83.77
4550	85.65	100.00	4550	86.24	90.42	4550	83.76	83.85
4560	85.65	100.00	4560	86.24	90.42	4560	83.82	83.75
4570	85.65	100.00	4570	86.32	90.37	4570	83.76	83.83
4580	85.65	100.00	4580	86.38	90.46	4580	83.88	83.82
4590	85.62	100.00	4590	86.38	90.46	4590	83.85	83.81
4600	85.65	100.00	4600	86.38	90.48	4600	83.85	83.80
4610	85.68	100.00	4610	86.38	90.46	4610	83.82	83.82
4620	85.68	100.00	4620	86.15	90.56	4620	83.76	83.77
4630	85.68	100.00	4630	86.15	90.58	4630	83.88	83.93
4640	85.74	100.00	4640	86.24	90.54	4640	83.85	83.86
4650	85.74	100.00	4650	86.24	90.54	4650	83.79	83.70
4660	85.79	100.00	4660	86.24	90.54	4660	83.79	83.71
4670	85.82	100.00	4670	86.03	90.64	4670	83.94	83.73
4680	85.91	100.00	4680	86.18	90.17	4680	83.85	83.70
4690	85.85	100.00	4690	86.15	90.21	4690	83.91	83.73
4700	85.85	100.00	4700	86.15	90.23	4700	83.82	83.79
4710	85.85	100.00	4710	86.15	90.21	4710	83.82	83.80
4720	85.85	100.00	4720	86.15	90.23	4720	83.88	83.83
4730	85.85	100.00	4730	86.26	90.42	4730	83.85	83.76
4740	85.85	100.00	4740	86.32	90.53	4740	83.82	83.78
4750	85.91	100.00	4750	86.29	90.44	4750	83.76	83.75
4760	85.91	100.00	4760	86.29	90.46	4760	83.76	83.72
4770	85.91	100.00	4770	86.29	90.46	4770	83.79	83.73
4780	85.97	100.00	4780	86.32	90.52	4780	83.82	83.74
4790	86.00	100.00	4790	86.24	90.38	4790	83.76	83.78
4800	86.03	100.00	4800	86.24	90.35	4800	83.74	83.71
4810	86.00	100.00	4810	86.50	90.62	4810	83.82	83.78
4820	86.12	100.00	4820	86.50	90.58	4820	84.03	83.82
4830	86.15	100.00	4830	86.41	90.50	4830	83.88	83.83
4840	86.15	100.00	4840	86.41	90.50	4840	83.82	83.80
4850	86.18	100.00	4850	86.41	90.89	4850	83.94	83.86
4860	86.18	100.00	4860	86.41	90.68	4860	83.88	83.89
4870	86.18	100.00	4870	86.38	90.64	4870	83.94	83.92
4880	86.21	100.00	4880	86.41	90.59	4880	83.91	83.87
4890	86.21	100.00	4890	86.35	90.49	4890	84.00	83.87
4900	86.21	100.00	4900	86.35	90.51	4900	83.88	83.88
4910	86.24	100.00	4910	86.38	90.53	4910	83.82	83.71
4920	86.26	100.00	4920	86.50	90.51	4920	83.74	83.78
4930	86.26	100.00	4930	86.50	90.65	4930	83.71	83.79
4940	86.26	100.00	4940	86.41	90.47	4940	83.82	83.81
4950	86.26	100.00	4950	86.38	90.48	4950	83.79	83.82
4960	86.26	100.00	4960	86.38	90.50	4960	83.82	83.75
4970	86.24	100.00	4970	86.59	90.97	4970	83.85	83.86
4980	86.24	100.00	4980	86.68	90.96	4980	83.97	83.98
4990	86.26	100.00	4990	86.68	90.88	4990	83.94	83.95
5000	86.29	100.00	5000	86.62	90.88	5000	83.91	84.00
5010	86.26	100.00	5010	86.62	90.86	5010	83.94	84.03
5020	86.26	100.00	5020	86.50	90.80	5020	83.85	84.04
5030	86.21	100.00	5030	86.21	90.68	5030	83.71	83.98
5040	86.24	100.00	5040	86.06	90.73	5040	83.71	83.95
5050	86.24	100.00	5050	86.62	90.87	5050	83.74	84.02
5060	86.35	100.00	5060	86.62	90.85	5060	83.97	84.03
5070	86.32	100.00	5070	86.59	90.83	5070	83.94	84.10
5080	86.32	100.00	5080	86.59	90.83	5080	83.94	84.11
5090	86.32	100.00	5090	86.68	90.67	5090	83.97	84.11
5100	86.35	100.00	5100	86.68	90.69	5100	84.00	84.08
5110	86.35	100.00	5110	86.71	90.63	5110	83.91	83.97
5120	86.35	100.00	5120	86.68	90.16	5120	83.94	83.98
5130	86.41	100.00	5130	86.68	90.16	5130	83.94	84.00
5140	86.38	100.00	5140	86.85	90.19	5140	83.97	83.99
5150	86.47	100.00	5150	86.85	90.21	5150	83.97	83.98
5160	86.47	100.00	5160	86.85	90.17	5160	83.79	83.93
5170	86.47	100.00	5170	86.91	90.27	5170	83.88	83.97
5180	86.50	100.00	5180	86.91	90.27	5180	83.94	83.90
5190	86.53	100.00	5190	86.91	90.27	5190	83.88	83.83
5200	86.53	100.00	5200	87.09	90.69	5200	83.79	83.73
5210	86.56	100.00	5210	87.18	90.61	5210	83.97	83.72
5220	86.59	100.00	5220	87.18	90.59	5220	84.00	83.74
5230	86.50	100.00	5230	87.00	90.15	5230	83.94	83.71
5240	86.50	100.00	5240	87.00	90.13	5240	83.94	83.68
5250	86.50	100.00	5250	87.03	90.11	5250	84.06	83.79
5260	86.62	100.00	5260	86.88	90.44	5260	84.03	83.75
5270	86.71	100.00	5270	86.88	90.46	5270	83.94	83.70
5280	86.76	100.00	5280	86.91	90.45	5280	83.88	83.73
5290	86.76	100.00	5290	87.00	90.34	5290	83.74	83.82
5300	86.76	100.00	5300	86.94	90.32	5300	83.79	83.87
5310	86.79	100.00	5310	86.94	90.34	5310	83.85	83.92
5320	86.82	100.00	5320	86.97	90.21	5320	83.85	83.82
5330	86.82	100.00	5330	86.97	90.19	5330	83.82	83.83
5340	86.82	100.00	5340	86.97	90.19	5340	83.79	83.82
5350	86.76	100.00	5350	86.91	90.11	5350	83.88	83.89
5360	86.82	100.00	5360	86.68	89.94	5360	83.88	83.94
5370	86.76	100.00	5370	86.71	89.96	5370	83.94	83.91
5380	86.76	100.00	5380	86.71	89.94	5380	83.88	83.92
5390	86.76	100.00	5390	86.71	89.96	5390	83.85	83.91
5400	86.76	100.00	5400	86.94	90.35	5400	83.82	83.85
5410	86.76	100.00	5410	86.71	89.94	5410	83.82	83.84
5420	86.76	100.00	5420	86.41	90.13	5420	83.79	83.82
5430	86.82	100.00	5430	86.29	90.33	5430	83.82	83.89
5440	86.82	100.00	5440	86.85	90.22	5440	83.76	83.69
5450	86.82	100.00	5450	86.85	90.22	5450	83.79	83.74
5460	86.88	100.00	5460	86.85	90.22	5460	83.88	83.83
5470	86.91	100.00	5470	87.21	90.77	5470	83.94	83.86
5480	86.91	100.00	5480	86.91	90.99	5480	83.85	83.85
5490	86.91	100.00	5490	86.68	90.82	5490	83.74	83.73
5500	86.91	100.00	5500	86.68	90.80	5500	83.79	83.82
5510	86.91	100.00	5510	86.56	90.76	5510	83.88	83.77
5520	86.91	100.00	5520	86.56	90.58	5520	83.82	83.75
5530	86.91	100.00	5530	86.82	90.67	5530	83.82	83.67
5540	86.97	100.00	5540	87.15	90.76	5540	83.74	83.72
5550	86.97	100.00	5550	87.00	90.72	5550	83.62	83.69
5560	86.97	100.00	5560	87.06	90.76	5560	83.68	83.78
5570	87.03	100.00	5570	86.97	90.61	5570	83.68	83.75
5580	87.00	100.00	5580	86.97	90.63	5580	83.56	83.69
5590	87.00	100.00	5590	86.88	90.63	5590	83.59	83.70
5600	87.00	100.00	5600	86.79	90.61	5600	83.41	83.75
5610	87.00	100.00	5610	86.74	90.59	5610	83.56	83.81
5620	87.00	100.00	5620	86.53	90.44	5620	83.56	83.81
5630	87.00	100.00	5630	86.53	90.46	5630	83.47	83.91
5640	87.00	100.00	5640	86.50	90.53	5640	83.59	83.92
5650	87.00	100.00	5650	86.53	90.58	5650	83.56	83.91
5660	86.94	100.00	5660	86.62	90.60	5660	83.56	83.82
5670	86.94	100.00	5670	86.62	90.62	5670	83.47	83.83
5680	86.94	100.00	5680	86.82	90.93	5680	83.53	83.82
5690	86.94	100.00	5690	86.88	90.84	5690	83.50	83.80
5700	86.94	100.00	5700	86.82	90.67	5700	83.56	83.86
5710	86.94	100.00	5710	86.79	90.70	5710	83.50	83.89
5720	86.94	100.00	5720	86.65	90.63	5720	83.53	83.86
5730	86.94	100.00	5730	86.62	90.56	5730	83.65	83.87
5740	86.94	100.00	5740	86.62	90.56	5740	83.65	83.89
5750	86.94	100.00	5750	86.71	90.57	5750	83.59	83.83
5760	86.94	100.00	5760	86.74	90.50	5760	83.68	83.91
5770	86.91	100.00	5770	86.74	90.57	5770	83.50	83.78
5780	86.91	100.00	5780	86.74	90.59	5780	83.56	83.86
5790	86.91	100.00	5790	86.76	90.50	5790	83.68	83.92
5800	86.91	100.00	5800	86.76	90.48	5800	83.65	83.90
5810	86.94	100.00	5810	86.65	90.40	5810	83.68	83.91
5820	86.97	100.00	5820	86.65	90.38	5820	83.65	83.97
5830	86.97	100.00	5830	86.65	90.39	5830	83.76	83.98
5840	86.97	100.00	5840	86.65	90.39	5840	83.76	83.99
5850	86.97	100.00	5850	86.56	90.41	5850	83.74	84.02
5860	87.03	100.00	5860	86.56	90.43	5860	83.71	84.06
5870	87.09	100.00	5870	86.59	90.44	5870	83.79	84.11
5880	87.09	100.00	5880	86.59	90.43	5880	83.74	84.06
5890	87.15	100.00	5890	86.59	90.44	5890	83.82	84.16
5900	87.18	100.00	5900	86.62	90.49	5900	83.82	84.10
5910	87.21	100.00	5910	86.62	90.49	5910	83.82	84.11
5920	87.21	100.00	5920	86.62	90.49	5920	83.76	84.09
5930	87.21	100.00	5930	86.62	90.49	5930	83.74	84.11
5940	87.21	100.00	5940	86.62	90.49	5940	83.82	84.06
5950	87.21	100.00	5950	86.68	90.52	5950	83.82	83.97
5960	87.29	100.00	5960	86.71	90.54	5960	83.85	83.99
5970	87.29	100.00	5970	86.74	90.47	5970	83.88	83.97
5980	87.29	100.00	5980	86.68	90.48	5980	83.85	84.05
5990	87.29	100.00	5990	86.68	90.48	5990	83.91	83.99
6000	87.29	100.00	6000	86.68	90.50	6000	83.85	84.00
6010	87.29	100.00	6010	86.74	90.48	6010	83.79	83.93
6020	87.29	100.00	6020	86.74	90.50	6020	83.79	83.95
6030	87.29	100.00	6030	86.74	90.50	6030	83.71	83.91
6040	87.32	100.00	6040	86.74	90.50	6040	83.88	84.04
6050	87.32	100.00	6050	86.74	90.50	6050	83.94	84.08
6060	87.32	100.00	6060	86.79	90.48	6060	83.71	83.91
6070	87.32	100.00	6070	86.74	90.49	6070	83.85	84.15
6080	87.44	100.00	6080	86.85	90.69	6080	83.97	84.14
6090	87.47	100.00	6090	86.79	90.49	6090	84.03	84.17
6100	87.47	100.00	6100	86.79	90.51	6100	84.06	84.20
6110	87.47	100.00	6110	86.91	90.98	6110	83.85	84.14
6120	87.47	100.00	6120	86.85	90.96	6120	83.91	84.22
6130	87.47	100.00	6130	87.03	91.00	6130	83.97	84.21
6140	87.50	100.00	6140	87.15	91.21	6140	84.03	84.27
6150	87.50	100.00	6150	87.03	91.28	6150	83.97	84.31
6160	87.50	100.00	6160	87.06	91.31	6160	83.79	84.27
6170	87.50	100.00	6170	87.15	91.38	6170	83.88	84.29
6180	87.50	100.00	6180	87.06	91.38	6180	83.79	84.27
6190	87.50	100.00	6190	86.91	91.47	6190	83.79	84.35
6200	87.50	100.00	6200	86.91	91.48	6200	83.79	84.34
6210	87.50	100.00	6210	86.91	91.48	6210	83.79	84.27
6220	87.50	100.00	6220	86.91	91.50	6220	83.79	84.32
6230	87.50	100.00	6230	86.82	91.46	6230	83.76	84.16
6240	87.50	100.00	6240	86.79	91.67	6240	83.76	84.20
6250	87.50	100.00	6250	86.79	91.66	6250	83.79	84.16
6260	87.50	100.00	6260	86.79	91.68	6260	83.85	84.20
6270	87.47	100.00	6270	86.79	91.69	6270	83.74	84.21
6280	87.50	100.00	6280	86.76	91.74	6280	84.03	84.16
6290	87.50	100.00	6290	86.76	91.73	6290	83.97	84.20
6300	87.56	100.00	6300	86.88	91.68	6300	83.88	84.14
6310	87.56	100.00	6310	86.91	91.73	6310	83.97	84.15
6320	87.56	100.00	6320	86.91	91.85	6320	83.88	84.11
6330	87.62	100.00	6330	86.82	91.83	6330	83.79	84.03
6340	87.62	100.00	6340	86.82	91.85	6340	83.97	84.05
6350	87.71	100.00	6350	86.79	91.73	6350	84.00	84.08
6360	87.71	100.00	6360	86.79	91.73	6360	83.88	84.01
6370	87.68	100.00	6370	86.79	91.73	6370	83.94	84.02
6380	87.65	100.00	6380	86.76	91.74	6380	83.97	84.00
6390	87.68	100.00	6390	86.76	91.71	6390	83.94	84.02
6400	87.68	100.00	6400	86.76	91.73	6400	83.85	83.97
6410	87.68	100.00	6410	86.79	91.73	6410	83.68	83.82
6420	87.65	100.00	6420	86.76	91.62	6420	83.76	83.82
6430	87.65	100.00	6430	86.76	91.63	6430	83.76	83.87
6440	87.65	100.00	6440	86.76	91.60	6440	83.76	83.84
6450	87.82	100.00	6450	86.76	91.61	6450	83.76	83.84
6460	87.85	100.00	6460	87.21	91.50	6460	84.03	84.02
6470	87.85	100.00	6470	86.76	91.67	6470	84.03	84.10
6480	87.85	100.00	6480	86.76	91.65	6480	84.03	84.07
6490	87.91	100.00	6490	86.76	91.63	6490	84.03	84.10
6500	87.91	100.00	6500	87.21	91.52	6500	83.97	84.14
6510	87.91	100.00	6510	87.18	91.52	6510	84.00	84.12
6520	87.91	100.00	6520	87.18	91.52	6520	84.00	84.14
6530	87.91	100.00	6530	86.76	91.65	6530	83.94	84.04
6540	87.91	100.00	6540	86.94	91.73	6540	84.09	84.19
6550	87.91	100.00	6550	86.85	91.89	6550	84.06	84.15
6560	87.97	100.00	6560	86.85	91.91	6560	84.06	84.15
6570	88.00	100.00	6570	86.85	91.89	6570	84.06	84.16
6580	88.00	100.00	6580	86.88	91.90	6580	84.06	84.24
6590	88.00	100.00	6590	86.88	91.93	6590	84.12	84.28
