1	83.00	83.14
2	83.29	83.36
3	83.35	83.65
4	83.47	83.64
5	84.00	84.02
6	83.85	84.06
7	83.68	84.08
8	83.91	84.32
9	83.94	84.21
10	83.65	84.44
11	82.97	84.38
12	82.85	84.42
13	82.53	84.17
14	82.38	84.14
15	82.24	83.98
16	82.21	83.86
17	82.47	84.17
18	82.53	84.44
19	82.38	84.42
20	82.71	84.52
21	82.74	84.55
22	82.65	84.14
23	82.91	83.77
24	82.29	84.70
25	82.85	84.74
26	83.09	85.29
27	83.24	85.32
28	82.94	84.95
29	82.88	85.17
30	83.76	85.55
31	83.21	85.06
32	83.26	85.00
33	83.21	85.00
34	83.06	84.77
35	83.12	84.70
36	82.82	84.61
37	83.29	84.94
38	83.24	85.39
39	83.18	85.56
40	83.68	85.05
41	83.74	85.36
42	83.24	85.58
43	82.97	85.77
44	83.09	85.52
45	83.00	85.50
46	83.09	85.67
47	83.06	85.67
48	83.18	85.42
49	83.00	85.52
50	83.15	85.68
51	82.82	85.52
52	83.03	85.67
53	83.29	85.73
54	83.44	85.59
55	83.47	85.77
56	83.74	86.33
57	83.59	85.86
58	83.68	85.91
59	83.59	85.91
60	83.38	85.94
61	83.44	86.06
62	83.47	85.91
63	83.50	86.00
64	83.44	86.05
65	83.26	86.14
66	83.56	85.85
67	83.38	86.03
68	83.47	85.88
69	84.00	86.97
70	83.91	86.88
71	83.79	86.71
72	83.76	86.58
73	83.91	86.65
74	83.50	86.48
75	83.44	86.48
76	83.82	86.67
77	83.74	86.50
78	83.74	86.44
79	83.74	86.74
80	83.82	86.73
81	83.71	86.61
82	84.00	86.79
83	83.88	86.76
84	83.76	86.77
85	83.79	86.68
86	83.79	86.83
87	84.09	87.05
88	84.18	87.05
89	83.97	87.03
90	83.97	87.23
91	84.12	87.17
92	84.00	87.02
93	84.06	87.02
94	84.15	87.09
95	84.26	87.08
96	84.26	87.17
97	84.21	87.20
98	84.26	87.11
99	84.21	87.09
100	84.29	87.08
101	83.91	86.91
102	84.29	87.14
103	84.09	87.20
104	84.12	87.11
105	84.24	87.15
106	83.91	87.00
107	83.91	86.89
108	83.79	86.85
109	83.97	87.02
110	83.82	86.70
111	84.12	86.97
112	84.15	87.17
113	84.18	87.38
114	84.24	87.55
115	84.00	87.42
116	84.18	87.59
117	83.97	87.47
118	84.12	87.41
119	84.06	87.35
120	83.85	87.47
121	84.15	87.41
122	84.26	87.56
123	84.12	87.39
124	84.26	87.50
125	84.15	87.44
126	83.94	87.48
127	84.24	87.48
128	84.15	87.42
129	84.38	87.55
130	84.03	87.23
131	84.24	87.26
132	84.53	87.56
133	84.18	87.56
134	84.15	87.50
135	84.62	87.74
136	84.71	87.91
137	84.71	87.71
138	84.56	87.68
139	84.62	87.76
140	84.71	87.94
141	84.50	87.89
142	84.68	87.98
143	84.65	87.92
144	84.59	87.80
145	84.62	87.77
146	84.44	87.64
147	84.53	87.73
148	84.68	87.79
149	84.62	87.92
150	84.68	87.71
151	84.68	87.79
152	84.56	87.80
153	84.47	87.79
154	84.65	87.95
155	84.59	87.82
156	84.68	87.92
157	84.62	88.02
158	84.68	88.06
159	84.88	87.91
160	84.76	88.02
161	84.76	88.00
162	84.62	87.97
163	84.85	87.92
164	84.71	88.11
165	84.76	87.94
166	84.71	88.14
167	84.74	88.05
168	84.94	88.03
169	84.91	88.00
170	85.35	88.18
171	85.09	88.11
172	85.15	88.00
173	85.32	88.30
174	84.88	88.08
175	84.76	87.97
176	85.03	88.09
177	84.85	88.17
178	85.32	88.23
179	85.12	88.20
180	84.79	88.06
181	84.65	88.14
182	84.79	88.12
183	85.18	88.18
184	84.88	87.97
185	84.74	88.09
186	85.00	88.17
187	84.71	87.77
188	84.97	88.17
189	84.97	88.20
190	85.06	88.23
191	85.18	88.17
192	85.00	88.27
193	85.09	88.06
194	84.56	88.33
195	84.68	88.47
196	84.71	88.35
197	84.79	88.42
198	85.18	88.62
199	85.00	88.42
200	85.12	88.56
201	85.09	88.67
202	85.06	88.38
203	85.29	88.58
204	85.53	88.74
205	85.35	88.48
206	85.12	88.48
207	85.44	88.45
208	85.41	88.41
209	85.06	88.48
210	84.85	88.30
211	85.24	88.32
212	84.94	88.12
213	84.38	87.88
214	84.44	88.08
215	84.65	88.06
216	84.53	88.33
217	84.56	88.02
218	84.68	88.05
219	84.62	88.12
220	84.68	88.18
221	84.35	88.05
222	84.65	88.36
223	84.35	88.20
224	84.50	88.15
225	84.53	88.23
226	84.65	88.11
227	84.44	87.98
228	84.65	88.09
229	84.56	88.08
230	84.32	87.82
231	84.44	87.85
232	84.35	87.70
233	84.32	87.74
234	84.47	87.67
235	84.44	87.70
236	84.53	87.73
237	84.76	88.14
238	84.50	87.82
239	84.82	88.29
240	84.88	88.38
241	84.91	88.27
242	84.76	88.32
243	84.82	88.32
244	84.85	88.02
245	84.91	88.14
246	84.94	88.39
247	84.91	88.50
248	84.62	88.32
249	84.85	88.36
250	84.65	88.15
251	85.21	88.55
252	85.26	88.38
253	84.68	88.27
254	85.15	88.36
255	85.21	88.41
256	85.03	88.53
257	85.03	88.58
258	84.91	88.47
259	84.82	88.58
260	84.76	88.39
261	84.91	88.53
262	84.76	88.70
263	84.76	88.59
264	84.21	88.30
265	84.53	88.45
266	84.56	88.53
267	85.06	88.65
268	84.91	88.64
269	84.94	88.76
270	85.09	88.59
271	85.12	88.48
272	84.82	88.33
273	84.74	88.41
274	85.09	88.30
275	85.09	88.47
276	84.94	88.52
277	84.97	88.44
278	84.91	88.67
279	84.82	88.61
280	84.97	88.39
281	84.94	88.50
282	84.79	88.61
283	85.12	88.73
284	85.09	88.39
285	85.24	88.77
286	85.26	88.73
287	85.29	88.74
288	85.15	88.64
289	85.15	88.79
290	85.26	89.09
291	85.09	88.94
292	85.15	88.95
293	85.06	88.98
294	85.44	88.85
295	85.26	88.97
296	85.09	88.80
297	85.24	88.85
298	85.21	88.88
299	85.09	88.94
300	85.00	88.70
301	85.09	88.76
302	85.03	88.95
303	85.18	88.76
304	85.09	88.64
305	85.24	88.67
306	85.24	88.74
307	84.97	88.86
308	85.09	88.86
309	84.94	88.83
310	84.97	88.80
311	84.94	88.65
312	85.00	88.86
313	85.21	88.59
314	85.29	89.02
315	85.15	88.64
316	84.71	88.35
317	85.09	88.77
318	84.94	88.39
319	85.00	88.86
320	84.94	88.73
321	85.12	88.82
322	84.91	88.82
323	84.88	88.83
324	84.91	88.64
325	85.24	88.86
326	85.09	88.64
327	85.41	88.76
328	85.06	89.08
329	85.24	88.89
330	85.29	88.88
331	84.91	88.79
332	85.29	88.98
333	85.03	88.83
334	84.85	88.62
335	84.91	88.58
336	85.00	88.71
337	85.00	88.88
338	85.24	88.76
339	85.18	89.02
340	84.88	88.86
341	85.09	88.91
342	85.03	89.12
343	84.88	88.97
344	84.88	88.98
345	84.88	89.03
346	85.26	88.97
347	85.18	89.12
348	84.94	88.86
349	85.09	89.03
350	84.94	89.02
351	85.09	88.98
352	85.26	88.94
353	85.18	89.12
354	85.18	88.92
355	84.82	89.08
356	84.94	88.82
357	84.56	88.65
358	85.26	88.95
359	84.88	89.24
360	85.38	89.11
361	85.26	89.24
362	84.91	89.39
363	84.71	89.09
364	84.79	89.00
365	85.24	89.20
366	85.18	89.32
367	85.18	89.15
368	85.26	89.30
369	84.44	88.32
370	84.47	88.48
371	84.71	89.08
372	84.71	88.70
373	85.09	89.14
374	84.94	89.15
375	84.74	88.85
376	84.97	89.27
377	84.44	88.79
378	85.59	89.33
379	84.85	88.98
380	85.35	89.20
381	85.32	89.27
382	84.88	88.97
383	84.71	89.11
384	85.12	88.85
385	85.00	89.02
386	85.21	88.77
387	84.94	88.56
388	85.09	88.77
389	85.09	89.17
390	85.06	88.77
391	85.35	89.06
392	85.24	88.95
393	85.44	89.30
394	85.50	89.30
395	85.41	89.23
396	85.21	89.36
397	85.38	89.27
398	85.00	89.29
399	85.12	89.39
400	85.24	89.29
401	85.24	89.23
402	85.38	89.27
403	85.53	89.12
404	85.12	89.09
405	85.00	89.14
406	85.38	89.29
407	85.24	89.50
408	85.24	89.18
409	85.50	89.41
410	85.56	89.30
411	85.53	89.29
412	85.50	89.56
413	85.38	89.26
414	85.32	89.47
415	85.09	89.45
416	85.41	89.32
417	85.65	89.41
418	85.32	89.36
419	85.41	89.50
420	85.18	89.44
421	85.71	89.61
422	85.32	89.59
423	85.35	89.59
424	85.44	89.39
425	85.18	89.44
426	85.41	89.73
427	85.18	89.18
428	85.38	89.29
429	85.47	89.35
430	85.35	89.55
431	85.32	89.58
432	85.47	89.52
433	85.44	89.26
434	85.32	89.41
435	85.53	89.59
436	84.88	89.64
437	85.38	89.65
438	85.53	89.32
439	85.38	89.15
440	85.21	89.15
441	85.09	89.53
442	85.35	89.65
443	85.56	89.44
444	85.47	89.74
445	85.76	89.77
446	85.32	89.32
447	85.21	89.56
448	85.35	89.47
449	85.12	89.52
450	85.38	89.82
451	85.24	89.68
452	85.26	89.55
453	85.09	89.70
454	85.65	89.39
455	85.59	90.08
456	85.74	89.98
457	85.24	89.79
458	85.29	89.80
459	85.76	90.03
460	85.29	89.33
461	85.29	89.73
462	85.97	90.09
463	85.53	89.70
464	85.74	89.70
465	85.50	89.83
466	85.50	89.77
467	84.88	89.30
468	85.56	89.24
469	85.68	90.21
470	85.47	90.00
471	85.35	89.56
472	85.53	89.91
473	85.41	89.95
474	85.62	89.92
475	85.26	89.42
476	85.35	89.62
477	85.50	90.05
478	85.44	89.71
479	85.15	90.09
480	85.00	89.71
481	85.18	89.61
482	85.47	90.09
483	85.06	89.73
484	84.74	89.47
485	85.50	89.91
486	85.32	89.82
487	85.06	89.71
488	84.88	89.53
489	85.15	89.59
490	84.85	89.55
491	85.74	89.79
492	85.03	89.45
493	84.82	89.23
494	85.18	89.80
495	85.09	89.39
496	84.94	89.55
497	84.65	89.55
498	85.06	89.88
499	85.09	89.62
500	85.38	89.83
501	85.29	89.68
502	84.94	89.32
503	84.88	89.26
504	84.44	88.80
505	85.24	89.67
506	85.32	89.86
507	85.47	89.82
508	85.62	89.77
509	85.38	89.92
510	84.85	89.68
511	85.47	89.76
512	85.68	90.06
513	85.65	89.53
514	85.44	89.50
515	85.41	90.11
516	84.82	89.14
517	85.18	89.68
518	85.21	89.79
519	85.71	89.70
520	85.09	89.50
521	85.53	89.53
522	85.47	89.80
523	85.38	89.62
524	85.53	90.17
525	85.44	89.61
526	85.09	89.59
527	85.59	89.95
528	85.47	89.67
529	85.47	89.91
530	85.29	89.73
531	85.32	89.70
532	85.44	89.70
533	85.32	89.89
534	85.09	89.86
535	85.47	89.77
536	85.53	89.94
537	85.65	90.00
538	85.12	89.70
539	85.15	90.09
540	84.94	89.85
541	84.94	90.03
542	85.24	89.70
543	85.00	89.79
544	85.26	89.67
545	85.32	89.77
546	85.44	89.98
547	85.35	89.71
548	85.26	89.77
549	85.00	89.71
550	85.35	89.65
551	85.35	89.77
552	85.44	89.98
553	85.21	89.74
554	85.65	89.59
555	85.26	89.79
556	85.00	89.20
557	85.26	90.03
558	85.29	89.71
559	85.15	89.56
560	85.65	89.86
561	85.74	89.94
562	85.47	89.82
563	85.44	89.94
564	85.44	89.79
565	85.26	89.52
566	85.62	89.80
567	85.71	89.79
568	85.53	89.65
569	85.65	89.80
570	85.71	89.94
571	85.47	89.77
572	85.44	89.76
573	85.50	89.86
574	85.94	89.82
575	85.76	89.67
576	85.97	89.76
577	85.79	89.44
578	85.94	89.89
579	85.35	90.29
580	85.59	89.98
581	85.68	89.64
582	85.44	89.64
583	85.41	89.52
584	85.65	90.09
585	86.00	90.14
586	85.85	89.77
587	85.94	90.06
588	86.18	89.73
589	86.09	90.14
590	86.15	90.08
591	85.91	90.11
592	86.24	90.09
593	86.35	90.12
594	86.59	90.05
595	86.38	90.11
596	86.29	89.97
597	86.44	90.38
598	86.38	90.09
599	86.41	90.18
600	86.21	90.06
601	85.82	89.91
602	86.29	90.21
603	86.44	90.29
604	86.47	90.20
605	86.32	90.17
606	86.24	89.85
607	86.32	90.06
608	86.12	90.18
609	86.24	90.26
610	85.94	89.97
611	85.91	90.06
612	86.03	90.03
613	85.82	89.85
614	85.35	89.47
615	86.15	90.15
616	86.50	90.41
617	86.32	89.89
618	86.21	90.00
619	86.18	90.30
620	86.15	90.09
621	86.24	90.05
622	86.06	90.03
623	85.59	90.17
624	86.09	90.00
625	86.09	89.80
626	86.44	90.45
627	85.97	90.24
628	85.91	90.20
629	85.91	90.15
630	86.24	90.23
631	86.09	90.17
632	85.62	90.21
633	85.88	90.44
634	85.85	89.97
635	86.32	90.55
636	86.03	90.48
637	86.18	90.42
638	86.35	90.17
639	86.35	90.06
640	85.94	89.98
641	86.32	90.30
642	85.79	89.59
643	86.21	90.29
644	86.09	89.95
645	85.91	90.23
646	85.88	90.45
647	86.03	89.97
648	85.76	89.62
649	86.12	90.15
650	85.94	89.85
651	86.06	90.21
652	86.03	90.14
653	86.18	89.79
654	85.79	89.98
655	85.94	89.82
656	85.85	89.97
657	86.21	90.24
658	86.15	90.32
659	85.91	89.89
660	85.79	90.17
661	85.68	90.20
662	85.62	89.56
663	85.74	90.00
664	85.03	90.08
665	85.97	90.42
666	85.85	90.08
667	85.97	89.97
668	85.79	90.11
669	85.97	89.92
670	85.50	90.03
671	85.88	90.38
672	85.94	89.83
673	85.29	89.74
674	86.03	89.97
675	85.59	90.11
676	86.03	89.77
677	86.15	89.83
678	85.82	89.82
679	85.53	89.88
680	85.79	89.95
681	85.47	90.00
682	86.00	90.29
683	85.65	90.08
684	85.53	90.11
685	85.74	89.70
686	85.59	89.83
687	85.71	90.11
688	85.74	89.55
689	85.68	89.88
690	85.65	90.06
691	85.44	90.17
692	85.50	90.11
693	85.79	90.24
694	85.82	90.18
695	85.47	90.03
696	85.50	90.05
697	85.85	90.03
698	85.88	90.11
699	85.74	89.88
700	85.68	90.06
701	85.79	90.18
702	85.32	89.89
703	85.15	89.52
704	85.68	90.36
705	85.41	90.14
706	85.38	89.92
707	85.47	89.89
708	85.88	90.30
709	85.32	89.86
710	85.29	90.05
711	85.44	90.02
712	85.38	90.09
713	85.24	89.98
714	85.62	89.59
715	85.53	90.35
716	85.32	90.03
717	85.65	90.15
718	84.91	89.58
719	85.21	89.88
720	85.26	89.98
721	85.85	90.47
722	85.29	89.91
723	85.62	89.73
724	85.41	89.79
725	85.56	90.21
726	85.65	90.23
727	85.68	90.26
728	85.62	90.56
729	85.50	90.03
730	85.68	90.53
731	85.74	90.15
732	85.68	90.23
733	85.59	90.15
734	85.47	90.29
735	85.50	89.94
736	85.94	90.24
737	85.79	90.41
738	85.50	90.11
739	85.50	90.03
740	85.41	89.76
741	85.53	90.44
742	85.76	90.30
743	85.62	89.76
744	85.74	90.06
745	85.85	90.42
746	85.47	90.41
747	85.65	90.47
748	85.59	89.85
749	85.50	90.38
750	85.71	89.95
751	85.44	89.94
752	85.71	90.33
753	85.47	89.82
754	85.97	90.26
755	85.71	90.30
756	85.85	89.89
757	86.12	90.70
758	85.94	90.21
759	85.85	90.30
760	85.62	90.32
761	85.71	90.53
762	85.65	90.15
763	85.85	90.71
764	85.79	90.68
765	85.29	90.11
766	85.91	90.42
767	86.03	90.38
768	85.85	90.20
769	85.91	90.27
770	85.62	90.05
771	85.50	90.62
772	85.53	90.17
773	85.62	90.32
774	85.94	90.50
775	85.88	90.53
776	85.32	90.32
777	85.26	90.20
778	85.06	90.32
779	85.59	90.76
780	85.32	90.56
781	85.50	90.26
782	85.56	90.55
783	85.50	90.29
784	85.38	90.44
785	85.24	90.11
786	85.68	90.41
787	85.76	90.23
788	85.44	90.18
789	84.97	89.76
790	85.50	90.65
791	86.21	90.74
792	85.44	90.36
793	86.00	90.06
794	85.53	90.26
795	86.21	90.42
796	85.35	90.11
797	85.44	90.56
798	85.24	90.55
799	85.50	90.20
800	85.21	90.09
801	85.12	90.12
802	85.26	90.26
803	85.79	90.67
804	85.85	89.76
805	85.06	90.17
806	85.74	90.47
807	85.71	90.17
808	86.18	90.30
809	85.79	90.30
810	86.03	90.18
811	85.50	90.20
812	85.62	90.24
813	85.50	90.61
814	85.65	90.61
815	85.03	90.33
816	84.94	89.89
817	85.56	90.36
818	85.47	90.33
819	85.85	90.17
820	85.91	90.29
821	85.88	90.59
822	85.85	90.52
823	85.94	90.39
824	85.85	90.29
825	84.74	90.05
826	85.82	90.29
827	85.71	90.41
828	85.91	90.50
829	84.97	90.29
830	85.82	90.27
831	86.24	90.38
832	86.09	90.64
833	85.79	90.67
834	85.44	90.48
835	85.21	90.44
836	85.85	90.56
837	85.62	90.33
838	85.82	90.39
839	85.88	90.52
840	85.03	90.26
841	85.44	90.38
842	85.88	90.55
843	84.85	90.09
844	85.71	90.64
845	85.12	90.26
846	84.76	90.17
847	85.82	90.52
848	85.06	90.27
849	84.76	90.33
850	85.15	90.08
851	85.65	90.26
852	85.09	90.21
853	84.88	90.35
854	85.56	90.14
855	85.62	90.27
856	85.71	90.52
857	84.74	90.36
858	84.74	90.09
859	84.76	90.08
860	85.59	90.45
861	85.65	90.36
862	85.44	90.35
863	85.00	90.36
864	85.38	90.02
865	85.18	90.55
866	85.12	90.26
867	84.74	90.33
868	84.53	90.05
869	85.53	90.23
870	85.79	90.27
871	85.18	90.06
872	85.00	90.52
873	84.79	90.12
874	85.09	90.12
875	85.85	90.02
876	85.76	90.44
877	85.15	90.26
878	85.74	90.50
879	85.47	90.14
880	85.03	90.06
881	84.68	89.92
882	84.56	90.02
883	84.74	90.06
884	85.44	89.89
885	85.47	90.44
886	85.91	90.74
887	85.94	90.47
888	85.03	90.17
889	84.65	90.21
890	85.41	90.23
891	85.00	90.05
892	85.50	90.45
893	84.94	90.05
894	85.21	89.97
895	85.38	90.41
896	85.32	90.29
897	85.29	90.26
898	85.41	90.67
899	85.62	90.68
900	85.32	90.23
901	85.65	90.41
902	84.59	90.26
903	84.82	90.12
904	84.79	90.11
905	85.26	90.39
906	84.76	90.21
907	84.74	90.26
908	84.74	89.76
909	85.26	90.65
910	84.62	89.98
911	85.74	90.68
912	84.26	90.41
913	84.53	90.38
914	84.68	90.56
915	84.68	90.21
916	84.41	90.11
917	84.38	90.12
918	84.65	90.05
919	84.74	90.21
920	84.71	90.30
921	84.26	89.85
922	84.50	89.86
923	84.76	89.91
924	84.65	90.03
925	84.74	89.97
926	84.53	89.70
927	84.65	89.97
928	84.79	90.06
929	84.56	89.82
930	84.50	89.94
931	84.53	89.86
932	84.56	89.70
933	85.26	90.15
934	84.85	90.12
935	84.94	90.33
936	85.03	90.03
937	85.00	90.26
938	85.24	90.62
939	84.94	90.44
940	84.85	90.33
941	84.38	90.11
942	84.38	89.88
943	84.32	89.92
944	84.44	89.94
945	84.24	89.82
946	84.50	89.83
947	85.00	90.58
948	84.41	89.92
949	84.71	90.02
950	84.26	89.79
951	84.65	90.18
952	84.88	90.21
953	84.88	90.61
954	84.94	90.33
955	84.88	90.32
956	84.88	90.11
957	84.82	90.23
958	84.85	90.39
959	84.79	89.97
960	85.29	90.47
961	85.21	90.33
962	84.97	90.35
963	85.15	90.38
964	84.85	90.12
965	84.68	90.12
966	85.44	89.98
967	85.53	90.09
968	85.12	89.83
969	85.59	89.82
970	84.97	90.15
971	84.79	90.09
972	85.06	90.11
973	85.65	90.00
974	85.12	90.33
975	85.00	90.47
976	85.29	90.05
977	85.47	89.79
978	85.35	89.59
979	85.24	90.32
980	85.65	90.05
981	85.41	90.56
982	85.68	90.03
983	85.53	89.79
984	85.50	90.08
985	85.47	90.12
986	85.68	90.20
987	85.47	89.88
988	85.41	90.06
989	85.41	90.00
990	85.76	90.06
991	85.56	90.26
992	85.50	90.15
993	85.59	89.85
994	85.79	90.00
995	85.38	89.95
996	85.44	90.20
997	85.65	90.02
998	85.12	90.29
999	85.24	90.53
1000	85.65	90.33
1001	85.65	90.26
1002	85.35	90.42
1003	85.29	90.15
1004	85.47	90.14
1005	85.82	90.11
1006	85.68	90.14
1007	85.53	89.98
1008	85.82	89.92
1009	85.85	90.14
1010	85.74	89.97
1011	85.47	90.05
1012	85.44	90.15
1013	85.59	90.48
1014	85.71	90.27
1015	85.88	90.38
1016	85.47	90.64
1017	85.85	90.64
1018	85.15	90.82
1019	85.21	90.74
1020	85.65	90.17
1021	85.32	89.71
1022	85.41	90.18
1023	85.59	90.59
1024	85.24	90.77
1025	85.76	90.36
1026	85.41	90.26
1027	85.56	90.58
1028	85.38	90.39
1029	85.35	91.02
1030	85.38	90.80
1031	85.53	90.42
1032	85.38	90.15
1033	85.59	90.44
1034	85.82	90.35
1035	85.59	90.05
1036	85.91	90.58
1037	85.74	90.23
1038	85.44	90.14
1039	86.53	90.45
1040	85.88	90.24
1041	86.09	90.48
1042	86.06	90.42
1043	85.76	90.26
1044	86.06	90.26
1045	85.97	90.29
1046	85.74	90.11
1047	85.74	90.41
1048	85.74	90.17
1049	85.53	90.09
1050	85.88	90.20
1051	85.85	90.35
1052	85.79	90.02
1053	85.82	89.85
1054	85.44	90.06
1055	85.41	89.92
1056	86.06	90.50
1057	85.91	90.56
1058	85.94	90.56
1059	85.79	90.52
1060	85.47	90.23
1061	85.62	90.27
1062	85.74	90.44
1063	85.85	90.64
1064	85.71	90.48
1065	85.76	90.11
1066	85.74	90.21
1067	85.18	89.91
1068	85.74	90.36
1069	85.71	90.23
1070	85.41	89.94
1071	85.71	90.20
1072	85.76	90.39
1073	85.82	90.27
1074	85.76	90.33
1075	85.62	90.33
1076	85.65	90.08
1077	85.59	90.29
1078	85.68	90.39
1079	85.62	90.30
1080	85.71	90.38
1081	85.71	90.32
1082	85.74	90.24
1083	85.35	89.97
1084	85.35	90.12
1085	85.47	89.79
1086	85.44	90.06
1087	85.35	90.61
1088	85.53	90.15
1089	85.65	90.59
1090	85.47	90.39
1091	85.53	90.52
1092	85.47	90.48
1093	84.97	90.36
1094	85.41	90.58
1095	85.09	90.48
1096	85.15	90.53
1097	85.09	90.33
1098	85.44	90.61
1099	85.50	90.50
1100	85.06	90.15
1101	85.29	90.15
1102	85.29	90.09
1103	85.68	90.39
1104	85.44	90.32
1105	85.65	90.33
1106	85.29	90.33
1107	85.47	90.42
1108	85.71	90.52
1109	85.65	90.32
1110	85.79	90.79
1111	85.32	90.18
1112	85.29	90.35
1113	85.21	90.33
1114	85.18	90.98
1115	85.24	90.27
1116	85.24	90.55
1117	85.21	90.24
1118	85.76	90.52
1119	85.91	90.50
1120	85.76	90.36
1121	85.65	90.39
1122	85.56	90.77
1123	85.50	90.12
1124	85.50	90.27
1125	85.47	90.41
1126	85.65	90.74
1127	85.38	90.38
1128	85.35	90.47
1129	85.56	90.36
1130	85.32	90.26
1131	85.56	90.52
1132	85.47	90.58
1133	85.62	90.89
1134	85.74	91.00
1135	85.53	90.38
1136	85.29	90.83
1137	85.53	90.50
1138	85.50	90.64
1139	85.41	90.76
1140	85.26	90.71
1141	85.24	91.14
1142	85.62	90.52
1143	85.47	90.89
1144	85.59	91.30
1145	85.79	90.56
1146	85.65	90.55
1147	85.65	90.97
1148	85.68	90.98
1149	85.53	90.77
1150	85.76	90.80
1151	85.71	90.95
1152	85.76	90.91
1153	85.47	90.74
1154	85.74	90.91
1155	85.62	91.05
1156	85.53	90.67
1157	85.82	90.94
1158	85.56	90.88
1159	85.71	90.79
1160	85.47	90.35
1161	85.59	91.02
1162	85.44	90.62
1163	85.71	90.65
1164	85.76	90.88
1165	85.65	90.70
1166	85.35	90.70
1167	85.65	90.38
1168	85.41	90.79
1169	85.47	90.74
1170	85.35	91.08
1171	85.91	91.08
1172	85.82	90.61
1173	85.74	91.00
1174	85.35	90.03
1175	85.65	91.05
1176	85.82	90.91
1177	85.71	90.97
1178	85.53	90.21
1179	85.91	90.55
1180	85.24	90.70
1181	85.38	90.77
1182	85.82	90.95
1183	85.38	90.71
1184	84.91	90.82
1185	85.38	90.77
1186	85.35	90.62
1187	85.65	90.83
1188	85.56	90.73
1189	85.12	90.56
1190	85.35	90.77
1191	85.85	91.11
1192	85.53	91.03
1193	85.71	90.82
1194	85.85	90.86
1195	85.18	90.62
1196	85.62	90.91
1197	85.59	90.68
1198	85.38	90.56
1199	85.32	90.65
1200	85.41	90.64
1201	85.50	90.95
1202	85.24	90.79
1203	85.38	90.58
1204	85.76	90.98
1205	85.62	90.26
1206	85.74	90.97
1207	85.38	90.79
1208	85.71	90.45
1209	85.03	89.58
1210	85.44	90.73
1211	85.47	90.42
1212	85.71	90.71
1213	85.21	90.74
1214	85.09	90.80
1215	85.56	90.65
1216	85.71	90.91
1217	85.68	91.08
1218	85.50	91.03
1219	85.50	90.86
1220	85.47	90.67
1221	85.09	90.56
1222	85.29	90.53
1223	85.68	90.73
1224	85.53	90.82
1225	85.38	90.53
1226	85.59	90.45
1227	85.44	90.65
1228	85.76	90.36
1229	84.88	90.52
1230	85.47	90.91
1231	85.38	90.92
1232	85.29	90.95
1233	85.82	90.67
1234	85.62	90.33
1235	85.21	90.56
1236	85.12	90.59
1237	85.41	91.06
1238	85.35	90.38
1239	85.53	90.71
1240	85.38	90.80
1241	85.38	90.74
1242	85.65	90.59
1243	85.41	90.59
1244	85.68	90.85
1245	85.18	90.68
1246	85.29	90.55
1247	85.29	90.85
1248	84.88	90.41
1249	85.38	90.98
1250	85.44	91.08
1251	85.06	90.59
1252	85.21	90.52
1253	85.09	90.32
1254	85.29	90.68
1255	85.47	90.92
1256	85.41	91.06
1257	85.65	90.97
1258	85.32	90.77
1259	85.21	91.00
1260	85.26	90.80
1261	85.44	90.89
1262	85.38	90.50
1263	85.35	90.29
1264	85.47	90.71
1265	84.79	90.42
1266	85.21	90.35
1267	85.76	90.95
1268	85.09	90.29
1269	85.32	90.59
1270	85.35	90.71
1271	85.26	90.61
1272	85.47	90.86
1273	85.09	90.39
1274	85.12	90.33
1275	85.03	90.42
1276	85.62	90.56
1277	85.56	90.88
1278	85.21	90.58
1279	84.91	90.70
1280	85.47	90.92
1281	85.65	90.62
1282	85.09	90.92
1283	85.26	90.48
1284	85.76	90.73
1285	85.32	90.83
1286	85.26	90.35
1287	85.50	90.61
1288	84.91	89.91
1289	85.32	90.58
1290	85.29	90.41
1291	85.74	90.36
1292	85.29	89.94
1293	85.68	90.44
1294	85.29	90.26
1295	85.06	90.80
1296	85.09	90.15
1297	85.18	90.29
1298	85.00	90.32
1299	84.97	89.73
1300	84.97	90.24
1301	84.97	89.79
1302	84.97	90.36
1303	84.68	89.92
1304	85.59	90.59
1305	84.65	89.70
1306	85.29	90.11
1307	85.18	90.52
1308	85.03	90.82
1309	85.29	90.86
1310	85.12	90.77
1311	85.00	90.64
1312	85.09	90.73
1313	85.21	90.97
1314	85.35	90.68
1315	85.06	90.74
1316	85.18	91.15
1317	85.09	90.70
1318	85.38	90.91
1319	85.56	90.55
1320	85.65	91.05
1321	85.18	90.91
1322	85.32	91.00
1323	85.26	90.98
1324	85.18	91.00
1325	84.91	90.83
1326	85.24	90.94
1327	85.18	90.92
1328	85.24	91.00
1329	85.44	90.70
1330	85.29	90.65
1331	84.97	90.73
1332	85.00	90.62
1333	84.82	90.56
1334	84.85	90.86
1335	85.38	90.98
1336	85.29	90.70
1337	85.03	90.61
1338	85.15	90.67
1339	85.03	90.91
1340	85.21	91.08
1341	85.09	90.85
1342	85.38	90.45
1343	85.53	90.76
1344	85.53	90.79
1345	85.53	90.64
1346	85.15	90.70
1347	85.68	90.77
1348	85.50	90.42
1349	85.50	90.59
1350	85.12	90.70
1351	85.32	90.80
1352	85.41	90.71
1353	85.29	90.79
1354	85.38	90.62
1355	85.68	90.79
1356	84.97	91.17
1357	85.12	91.20
1358	85.15	90.76
1359	84.97	91.12
1360	85.06	90.85
1361	85.53	90.92
1362	85.35	90.64
1363	85.32	90.39
1364	85.18	90.65
1365	84.97	90.58
1366	85.15	90.59
1367	84.97	90.59
1368	85.21	90.91
1369	85.44	90.83
1370	85.09	90.59
1371	85.74	90.79
1372	84.94	90.64
1373	85.06	90.79
1374	85.41	90.97
1375	85.44	90.92
1376	85.26	90.91
1377	85.44	90.91
1378	85.62	90.77
1379	85.03	90.76
1380	85.26	91.00
1381	85.29	90.94
1382	85.03	90.80
1383	85.38	91.05
1384	85.18	91.02
1385	85.50	90.71
1386	85.29	90.85
1387	85.03	91.06
1388	85.21	90.80
1389	85.00	90.80
1390	85.03	90.70
1391	85.06	90.59
1392	85.09	90.89
1393	85.29	91.02
1394	85.53	91.08
1395	85.03	90.73
1396	85.12	90.82
1397	85.44	91.03
1398	85.41	90.94
1399	85.53	91.20
1400	85.24	91.15
1401	85.44	91.03
1402	85.21	90.74
1403	85.26	90.76
1404	85.35	91.14
1405	85.35	91.08
1406	85.26	91.00
1407	85.15	91.03
1408	85.24	91.20
1409	85.03	90.89
1410	85.38	91.24
1411	85.53	91.23
1412	85.32	90.91
1413	85.41	91.09
1414	85.21	91.06
1415	85.15	91.14
1416	85.15	90.95
1417	84.97	90.74
1418	85.24	91.21
1419	85.00	90.77
1420	85.12	91.12
1421	85.35	91.14
1422	85.32	90.91
1423	85.38	91.15
1424	85.41	90.92
1425	85.18	90.89
1426	85.12	90.86
1427	85.47	91.06
1428	85.18	91.00
1429	85.35	91.03
1430	85.44	90.83
1431	85.47	91.05
1432	85.21	90.88
1433	85.09	90.91
1434	85.29	90.83
1435	85.06	90.64
1436	85.21	91.05
1437	85.09	90.94
1438	85.29	90.95
1439	85.06	90.91
1440	85.35	90.98
1441	85.59	91.14
1442	85.21	90.89
1443	85.32	91.11
1444	85.35	90.91
1445	85.38	90.88
1446	85.35	91.11
1447	85.32	91.02
1448	85.29	91.12
1449	85.38	91.17
1450	85.15	91.03
1451	85.47	91.20
1452	85.32	90.83
1453	85.26	91.02
1454	85.44	91.08
1455	85.47	91.09
1456	85.50	91.27
1457	85.62	91.00
1458	85.29	91.03
1459	85.29	91.08
1460	85.29	91.14
1461	85.29	91.14
1462	85.24	91.11
1463	85.24	91.18
1464	85.44	91.00
1465	85.50	91.05
1466	85.21	91.09
1467	85.56	91.08
1468	85.29	91.00
1469	85.41	91.08
1470	85.50	91.20
1471	85.41	91.12
1472	85.41	91.32
1473	85.38	91.23
1474	85.18	91.15
1475	85.47	90.91
1476	85.21	91.17
1477	85.38	91.06
1478	85.29	91.11
1479	85.53	91.21
1480	85.50	91.09
1481	85.35	91.15
1482	85.29	91.09
1483	85.71	91.09
1484	85.38	91.03
1485	85.56	91.06
1486	85.35	91.24
1487	85.41	91.26
1488	85.32	91.21
1489	85.29	91.05
1490	85.29	90.97
1491	85.59	91.27
1492	85.56	91.26
1493	85.56	91.23
1494	85.38	91.20
1495	85.53	91.15
1496	85.29	91.27
1497	85.44	91.21
1498	85.47	91.11
1499	85.44	91.15
1500	85.38	91.30
1501	85.62	91.18
1502	85.56	91.18
1503	85.59	91.09
1504	85.32	91.15
1505	85.71	91.35
1506	85.41	91.17
1507	85.32	90.91
1508	85.62	91.00
1509	85.41	90.95
1510	85.26	91.06
1511	85.35	90.98
1512	85.47	91.03
1513	84.88	90.85
1514	85.15	91.02
1515	85.18	91.14
1516	85.32	91.11
1517	85.38	90.79
1518	85.18	91.08
1519	85.35	91.38
1520	85.26	91.12
1521	85.41	91.08
1522	85.56	91.23
1523	85.53	91.32
1524	85.41	91.30
1525	85.68	91.05
1526	85.15	91.17
1527	85.41	91.17
1528	85.35	91.06
1529	85.29	91.20
1530	85.35	91.26
1531	85.29	91.30
1532	85.29	91.23
1533	85.41	91.32
1534	85.44	91.24
1535	85.47	91.21
1536	85.59	91.26
1537	85.71	91.15
1538	85.41	91.36
1539	85.62	91.36
1540	85.59	91.26
1541	85.56	91.18
1542	85.56	91.33
1543	85.44	91.29
1544	85.62	91.39
1545	85.50	91.39
1546	85.26	91.15
1547	85.53	91.15
1548	85.44	91.12
1549	85.56	90.98
1550	85.56	91.12
1551	85.47	91.08
1552	85.68	90.86
1553	85.15	91.12
1554	85.44	91.20
1555	85.35	91.08
1556	85.32	91.00
1557	85.12	91.08
1558	85.32	91.30
1559	85.38	91.21
1560	85.44	91.14
1561	85.21	91.17
1562	85.15	91.32
1563	85.12	91.27
1564	85.26	90.98
1565	85.21	91.17
1566	85.26	91.33
1567	85.32	91.30
1568	85.32	91.15
1569	85.29	91.27
1570	85.50	91.03
1571	85.41	91.20
1572	85.32	91.24
1573	85.29	91.15
1574	85.06	91.11
1575	85.09	91.02
1576	85.15	91.09
1577	85.68	91.18
1578	85.38	91.11
1579	85.21	91.23
1580	85.24	91.30
1581	85.29	91.41
1582	85.26	91.26
1583	85.21	91.20
1584	84.97	91.02
1585	85.35	91.27
1586	85.29	91.06
1587	85.50	91.09
1588	85.50	91.29
1589	85.35	91.20
1590	85.35	91.38
1591	85.44	91.33
1592	85.97	91.44
1593	85.68	91.26
1594	85.26	90.94
1595	85.74	91.36
1596	85.24	91.12
1597	85.44	91.23
1598	85.41	90.85
1599	85.29	91.32
1600	85.38	91.17
1601	85.41	91.14
1602	85.38	91.12
1603	85.74	91.58
1604	85.38	91.39
1605	85.62	91.26
1606	85.29	91.11
1607	85.12	91.27
1608	85.21	90.73
1609	85.26	91.17
1610	85.41	91.23
1611	85.53	91.33
1612	85.26	91.33
1613	85.35	91.18
1614	85.50	91.35
1615	85.21	91.17
1616	85.41	91.30
1617	85.41	91.30
1618	85.35	91.45
1619	85.44	91.52
1620	85.26	91.23
1621	85.18	91.23
1622	85.32	91.15
1623	85.41	91.39
1624	85.32	91.14
1625	85.41	91.09
1626	85.29	91.39
1627	85.35	91.30
1628	85.41	91.08
1629	85.29	91.26
1630	85.38	91.23
1631	85.56	91.17
1632	85.35	91.38
1633	85.24	91.29
1634	85.24	91.15
1635	85.26	91.32
1636	85.09	91.36
1637	85.24	91.05
1638	85.29	91.36
1639	85.44	91.41
1640	85.29	91.35
1641	85.29	91.11
1642	85.38	91.48
1643	85.15	90.97
1644	85.32	91.35
1645	85.26	91.20
1646	85.35	91.12
1647	85.24	90.94
1648	85.41	91.30
1649	85.21	91.11
1650	85.53	91.36
1651	85.53	91.70
1652	85.44	91.12
1653	85.38	91.08
1654	85.59	91.58
1655	85.71	91.64
1656	85.65	91.52
1657	85.38	91.39
1658	85.50	91.39
1659	85.29	91.15
1660	85.59	91.68
1661	85.44	91.08
1662	85.59	91.26
1663	85.38	91.56
1664	85.56	91.29
1665	85.44	91.27
1666	85.71	91.26
1667	85.38	90.83
1668	85.88	91.09
1669	85.88	91.24
1670	85.88	91.11
1671	85.71	91.09
1672	85.68	90.95
1673	85.71	91.06
1674	86.12	91.17
1675	85.91	91.00
1676	85.74	91.00
1677	85.85	91.06
1678	85.62	91.18
1679	85.94	91.06
1680	85.97	91.11
1681	85.65	91.09
1682	85.79	91.30
1683	85.88	91.27
1684	85.59	91.24
1685	85.74	91.33
1686	85.65	90.95
1687	85.94	91.26
1688	85.94	91.27
1689	85.62	91.06
1690	85.62	91.21
1691	85.71	91.24
1692	85.94	91.18
1693	85.47	91.24
1694	86.06	91.23
1695	86.00	91.23
1696	85.76	91.29
1697	85.91	91.20
1698	85.85	91.21
1699	85.74	91.05
1700	85.82	91.12
1701	85.91	90.98
1702	85.94	91.42
1703	85.74	91.27
1704	85.76	91.20
1705	86.09	91.38
1706	85.71	91.08
1707	85.88	91.38
1708	85.68	91.20
1709	85.82	91.20
1710	85.82	91.02
1711	85.29	90.83
1712	85.38	91.03
1713	85.68	90.71
1714	85.74	91.44
1715	85.91	91.27
1716	85.53	91.24
1717	85.85	90.89
1718	85.76	91.02
1719	86.09	91.33
1720	85.65	91.26
1721	85.62	91.14
1722	85.41	91.15
1723	85.56	91.33
1724	85.76	91.24
1725	85.74	91.38
1726	85.53	91.18
1727	85.53	91.30
1728	85.65	91.12
1729	85.76	91.45
1730	85.65	91.65
1731	85.88	91.11
1732	85.76	91.21
1733	85.94	91.30
1734	85.71	91.47
1735	85.85	90.91
1736	85.74	91.33
1737	85.74	91.11
1738	85.65	91.03
1739	85.50	91.21
1740	85.41	91.17
1741	85.56	91.17
1742	85.38	91.12
1743	85.68	91.42
1744	85.68	91.23
1745	85.79	91.38
1746	86.00	91.26
1747	85.59	91.23
1748	85.74	91.27
1749	85.53	91.24
1750	85.97	91.32
1751	85.53	91.08
1752	85.29	91.14
1753	85.38	91.18
1754	85.15	91.24
1755	85.47	91.41
1756	85.47	91.26
1757	85.26	91.20
1758	85.21	91.12
1759	85.21	91.15
1760	85.44	91.14
1761	85.35	91.11
1762	85.21	91.52
1763	85.50	91.59
1764	85.56	91.80
1765	85.62	91.36
1766	85.91	91.45
1767	85.29	91.67
1768	85.56	91.12
1769	85.56	91.61
1770	85.59	91.48
1771	85.71	91.70
1772	85.56	91.38
1773	85.79	91.17
1774	85.82	91.50
1775	85.74	91.50
1776	85.82	91.59
1777	85.82	91.27
1778	85.74	91.30
1779	85.44	91.12
1780	85.74	91.12
1781	85.76	91.08
1782	85.62	91.14
1783	85.74	91.38
1784	86.06	91.42
1785	85.68	91.23
1786	85.91	91.05
1787	85.65	90.65
1788	85.79	91.29
1789	85.85	91.44
1790	85.82	91.35
1791	85.85	91.23
1792	85.79	90.89
1793	85.79	91.11
1794	85.79	91.36
1795	85.82	91.29
1796	85.62	91.44
1797	86.00	91.20
1798	85.65	91.21
1799	85.38	91.30
1800	85.79	91.39
1801	85.68	91.47
1802	85.71	91.26
1803	85.62	91.15
1804	85.65	91.23
1805	85.65	91.48
1806	85.47	91.52
1807	85.62	91.41
1808	85.50	91.23
1809	85.68	91.20
1810	85.88	91.42
1811	85.65	91.39
1812	85.76	91.02
1813	85.76	91.29
1814	85.85	91.52
1815	85.41	91.11
1816	85.59	91.41
1817	85.59	91.42
1818	85.82	91.26
1819	85.56	91.32
1820	85.74	91.52
1821	85.53	91.29
1822	85.68	91.24
1823	85.68	91.42
1824	85.82	91.50
1825	85.71	91.17
1826	85.59	91.26
1827	85.53	91.39
1828	85.62	91.55
1829	85.68	91.61
1830	85.76	91.38
1831	85.76	91.48
1832	85.32	91.06
1833	85.59	91.67
1834	85.76	91.67
1835	85.53	91.58
1836	85.68	91.68
1837	85.62	91.55
1838	85.62	91.59
1839	85.71	91.44
1840	85.65	91.27
1841	85.68	91.45
1842	85.88	91.47
1843	85.85	91.68
1844	85.79	91.44
1845	85.62	91.36
1846	85.65	91.35
1847	85.71	91.47
1848	85.62	91.35
1849	85.76	91.55
1850	85.38	91.56
1851	85.71	91.36
1852	85.47	91.32
1853	85.82	91.39
1854	85.82	91.36
1855	85.62	91.50
1856	85.50	91.55
1857	85.68	91.52
1858	85.59	91.70
1859	85.68	91.42
1860	85.56	91.45
1861	85.59	91.20
1862	85.47	91.17
1863	85.56	91.48
1864	85.59	91.55
1865	85.53	91.32
1866	85.59	91.30
1867	85.62	91.73
1868	85.56	91.48
1869	85.59	91.41
1870	85.82	91.68
1871	85.65	91.52
1872	85.68	91.67
1873	85.53	91.50
1874	85.47	91.59
1875	85.68	91.47
1876	85.71	91.68
1877	85.53	91.48
1878	85.71	91.55
1879	85.65	91.58
1880	85.71	91.52
1881	85.76	91.55
1882	85.71	91.58
1883	85.71	91.33
1884	85.71	91.38
1885	85.74	91.70
1886	85.74	91.74
1887	85.74	91.68
1888	85.56	91.55
1889	85.76	91.50
1890	85.79	91.42
1891	85.71	91.48
1892	85.65	91.44
1893	85.71	91.44
1894	85.71	91.70
1895	85.79	91.74
1896	85.82	91.41
1897	85.82	91.50
1898	85.79	91.50
1899	85.65	91.53
1900	85.65	91.42
1901	85.53	91.14
1902	85.79	91.17
1903	85.79	91.65
1904	85.97	91.67
1905	85.29	91.09
1906	85.68	91.53
1907	85.82	91.53
1908	85.76	91.47
1909	85.71	91.41
1910	85.88	91.79
1911	85.76	91.74
1912	85.76	91.55
1913	85.74	91.59
1914	85.74	91.61
1915	85.76	91.64
1916	85.91	91.77
1917	85.74	91.56
1918	85.88	91.83
1919	85.79	91.74
1920	85.76	91.71
1921	85.88	91.62
1922	86.12	91.77
1923	85.71	91.71
1924	85.74	91.70
1925	85.62	91.48
1926	85.62	91.61
1927	85.91	91.55
1928	85.59	91.77
1929	85.74	91.64
1930	85.71	91.85
1931	85.71	91.56
1932	85.62	91.77
1933	85.68	91.53
1934	85.76	91.80
1935	85.59	91.71
1936	85.68	91.73
1937	85.71	91.61
1938	85.62	91.47
1939	85.56	91.41
1940	85.85	91.70
1941	85.82	91.58
1942	85.62	90.85
1943	85.85	91.62
1944	85.94	91.47
1945	85.88	91.29
1946	85.59	91.39
1947	85.68	91.52
1948	85.82	91.71
1949	85.53	91.39
1950	85.74	91.47
1951	85.59	91.48
1952	85.53	91.30
1953	85.47	91.39
1954	85.71	91.38
1955	85.79	91.58
1956	85.32	91.45
1957	85.59	91.18
1958	85.44	90.95
1959	85.71	91.17
1960	85.71	91.30
1961	85.59	91.21
1962	85.79	91.52
1963	85.62	91.52
1964	85.76	91.35
1965	85.62	91.45
1966	85.56	91.47
1967	85.50	91.02
1968	85.62	91.42
1969	85.71	91.29
1970	85.71	91.38
1971	85.71	91.52
1972	85.74	91.53
1973	85.62	91.44
1974	85.68	91.38
1975	85.79	91.50
1976	85.50	91.24
1977	85.50	91.18
1978	85.50	91.38
1979	85.50	91.48
1980	85.62	91.56
1981	85.68	91.48
1982	85.76	91.45
1983	85.53	91.58
1984	85.59	91.38
1985	85.85	91.77
1986	85.68	91.32
1987	85.94	91.67
1988	85.56	91.59
1989	85.71	91.41
1990	85.56	91.44
1991	85.62	91.61
1992	85.44	91.50
1993	85.47	91.26
1994	85.76	91.35
1995	85.41	91.30
1996	85.59	91.45
1997	85.59	91.59
1998	85.65	91.67
1999	85.62	91.48
2000	85.38	91.41
2001	85.50	91.61
2002	85.65	91.35
2003	85.79	91.70
2004	85.76	91.53
2005	85.56	91.42
2006	85.56	91.45
2007	85.41	91.30
2008	85.53	91.56
2009	85.38	91.52
2010	85.44	91.50
2011	85.65	91.59
2012	85.53	91.45
2013	85.59	91.44
2014	85.56	91.41
2015	85.62	91.53
2016	85.44	91.41
2017	85.53	91.55
2018	85.53	91.55
2019	85.50	91.41
2020	85.56	91.52
2021	85.47	91.52
2022	85.32	91.47
2023	85.65	91.65
2024	85.65	91.41
2025	85.44	91.58
2026	85.71	91.05
2027	85.44	91.42
2028	85.56	91.50
2029	85.82	91.67
2030	85.47	91.59
2031	85.62	91.67
2032	85.50	91.61
2033	85.50	91.59
2034	85.50	91.53
2035	85.50	91.55
2036	85.53	91.47
2037	85.65	91.58
2038	85.56	91.45
2039	85.59	91.61
2040	85.47	91.50
2041	85.44	91.62
2042	85.56	91.44
2043	85.59	91.56
2044	85.74	91.56
2045	85.59	91.56
2046	85.59	91.62
2047	85.62	91.50
2048	85.53	91.41
2049	85.62	91.47
2050	85.68	91.53
2051	85.62	91.53
2052	85.47	91.59
2053	85.79	91.48
2054	85.68	91.45
2055	85.79	91.35
2056	85.79	91.36
2057	85.76	91.61
2058	85.62	91.42
2059	85.79	91.45
2060	85.76	91.55
2061	85.68	91.30
2062	85.62	91.71
2063	85.47	91.27
2064	85.56	91.32
2065	85.88	91.53
2066	85.76	91.68
2067	85.71	91.56
2068	85.71	91.32
2069	85.50	91.47
2070	85.68	91.26
2071	85.65	91.35
2072	85.71	91.53
2073	85.68	90.97
2074	85.94	91.24
2075	85.76	91.55
2076	85.76	91.35
2077	85.65	91.44
2078	86.00	91.52
2079	85.29	90.33
2080	85.62	91.70
2081	85.88	91.50
2082	85.50	91.45
2083	85.79	91.61
2084	85.62	91.26
2085	85.88	91.70
2086	85.79	91.59
2087	85.65	91.38
2088	85.94	91.56
2089	85.94	91.41
2090	86.12	91.21
2091	85.65	91.38
2092	85.85	91.39
2093	85.91	91.52
2094	85.71	91.56
2095	85.71	91.45
2096	85.79	91.89
2097	85.91	91.68
2098	86.09	91.55
2099	85.79	91.38
2100	85.62	91.53
2101	85.38	90.86
2102	85.71	91.61
2103	85.44	91.61
2104	85.82	91.44
2105	85.76	91.33
2106	85.68	91.70
2107	85.88	91.53
2108	85.74	91.39
2109	85.68	91.44
2110	85.82	91.59
2111	85.76	91.53
2112	85.79	91.30
2113	85.62	91.44
2114	85.71	91.42
2115	85.91	91.61
2116	85.91	91.76
2117	85.79	91.73
2118	85.74	91.82
2119	85.68	91.94
2120	85.94	91.88
2121	85.91	91.94
2122	85.65	91.48
2123	85.94	91.71
2124	85.91	91.61
2125	85.62	91.33
2126	86.24	90.74
2127	85.94	91.55
2128	85.79	91.27
2129	85.65	91.97
2130	85.82	91.53
2131	86.00	91.70
2132	85.79	91.24
2133	86.09	91.76
2134	85.79	91.14
2135	86.24	91.52
2136	85.85	91.58
2137	85.91	91.79
2138	85.74	90.85
2139	86.06	92.05
2140	85.74	91.06
2141	86.21	91.61
2142	85.97	91.83
2143	85.97	91.92
2144	85.88	90.80
2145	85.82	91.86
2146	85.62	91.70
2147	85.88	91.53
2148	85.94	91.80
2149	85.82	91.76
2150	85.41	91.58
2151	85.47	91.55
2152	85.62	91.62
2153	85.79	91.65
2154	85.76	91.65
2155	85.88	91.83
2156	85.82	91.79
2157	85.56	91.67
2158	85.68	91.65
2159	85.79	91.77
2160	85.82	91.58
2161	85.94	91.29
2162	85.59	91.45
2163	85.88	91.67
2164	85.94	91.71
2165	85.94	91.03
2166	86.06	91.56
2167	85.91	91.58
2168	86.06	91.85
2169	85.68	91.20
2170	85.79	91.17
2171	86.26	91.86
2172	85.71	91.70
2173	85.74	91.94
2174	85.56	91.70
2175	85.59	91.73
2176	85.97	91.97
2177	86.12	91.59
2178	85.65	91.76
2179	85.85	91.76
2180	85.68	91.73
2181	85.71	91.73
2182	85.62	91.73
2183	86.06	91.44
2184	85.53	91.62
2185	85.79	91.83
2186	85.74	91.77
2187	86.00	91.53
2188	85.82	91.77
2189	85.82	91.89
2190	85.62	91.74
2191	85.85	91.89
2192	85.71	91.80
2193	85.62	91.73
2194	85.82	91.85
2195	86.38	91.98
2196	85.68	91.71
2197	85.79	91.73
2198	86.03	91.79
2199	86.03	91.73
2200	86.21	91.80
2201	85.65	91.77
2202	85.71	91.73
2203	85.71	91.36
2204	86.12	91.68
2205	85.82	91.83
2206	85.94	92.02
2207	86.06	91.80
2208	85.85	92.08
2209	86.29	91.88
2210	86.09	91.80
2211	86.21	91.88
2212	86.09	91.85
2213	86.21	91.80
2214	86.35	91.92
2215	86.15	91.88
2216	86.21	91.83
2217	86.00	91.68
2218	86.38	91.95
2219	86.26	91.74
2220	86.03	91.64
2221	86.09	91.74
2222	85.94	91.71
2223	86.06	91.82
2224	86.03	91.82
2225	85.97	91.71
2226	86.00	91.52
2227	85.88	91.38
2228	86.09	91.65
2229	86.00	91.70
2230	86.09	91.76
2231	86.09	91.45
2232	86.12	91.68
2233	85.97	91.76
2234	85.91	91.67
2235	86.00	91.80
2236	86.24	91.88
2237	86.21	91.70
2238	86.15	91.68
2239	86.09	91.64
2240	85.97	91.53
2241	85.97	91.48
2242	85.88	91.61
2243	86.09	91.52
2244	86.06	91.74
2245	85.85	91.67
2246	86.03	91.65
2247	85.82	91.32
2248	86.41	91.50
2249	86.03	91.47
2250	86.00	91.58
2251	86.12	91.83
2252	86.24	91.61
2253	86.18	91.74
2254	86.18	91.80
2255	86.03	91.59
2256	86.03	91.41
2257	86.26	91.68
2258	86.00	91.64
2259	86.41	91.76
2260	85.85	91.91
2261	86.29	91.80
2262	86.15	91.74
2263	86.18	91.68
2264	86.32	91.86
2265	86.29	91.94
2266	85.94	91.36
2267	86.09	91.53
2268	86.21	91.55
2269	86.21	91.77
2270	86.12	91.73
2271	86.29	91.77
2272	86.32	91.62
2273	86.18	91.62
2274	86.38	91.62
2275	86.38	91.74
2276	85.97	91.39
2277	86.15	91.32
2278	86.56	91.62
2279	86.18	91.70
2280	86.26	91.47
2281	86.24	91.59
2282	86.53	91.71
2283	86.35	91.79
2284	86.24	91.62
2285	86.24	91.58
2286	86.50	91.82
2287	86.41	91.65
2288	86.29	91.61
2289	86.44	91.68
2290	86.41	91.62
2291	86.18	91.08
2292	86.44	91.76
2293	86.35	91.45
2294	86.24	91.92
2295	86.35	91.73
2296	86.21	91.73
2297	86.32	91.73
2298	86.44	91.83
2299	86.00	91.47
2300	86.24	91.50
2301	86.09	91.67
2302	86.26	91.68
2303	86.50	91.61
2304	86.26	91.62
2305	86.26	91.80
2306	86.15	91.52
2307	86.21	91.77
2308	86.35	91.86
2309	86.21	91.82
2310	86.26	91.92
2311	86.24	91.74
2312	86.41	91.79
2313	86.18	91.32
2314	85.79	91.56
2315	85.97	91.55
2316	85.79	91.61
2317	85.97	91.53
2318	86.32	91.74
2319	86.21	91.52
2320	86.03	91.58
2321	86.56	91.83
2322	86.09	91.71
2323	85.97	91.65
2324	86.18	91.71
2325	86.18	91.79
2326	86.09	91.80
2327	86.15	91.91
2328	86.18	91.85
2329	86.47	91.77
2330	86.41	91.77
2331	86.53	91.55
2332	86.35	91.91
2333	86.26	91.88
2334	86.24	91.82
2335	86.24	91.64
2336	86.32	91.79
2337	86.29	91.47
2338	86.26	91.70
2339	86.15	91.80
2340	86.12	91.73
2341	86.00	91.62
2342	85.91	91.50
2343	86.24	91.80
2344	86.41	91.67
2345	86.29	91.74
2346	86.18	91.53
2347	86.26	91.52
2348	86.59	91.76
2349	86.24	91.76
2350	86.47	91.83
2351	86.12	91.56
2352	86.24	91.73
2353	86.29	91.68
2354	86.24	91.77
2355	86.15	91.58
2356	85.82	91.50
2357	86.06	91.45
2358	86.21	91.67
2359	85.97	91.52
2360	85.97	91.61
2361	85.97	91.36
2362	85.76	91.36
2363	86.21	91.74
2364	85.94	91.70
2365	86.12	91.77
2366	86.03	91.77
2367	86.03	91.62
2368	86.00	91.65
2369	86.21	91.86
2370	86.18	91.94
2371	86.06	91.76
2372	86.12	91.74
2373	86.26	91.91
2374	86.12	91.76
2375	86.29	92.06
2376	86.32	91.97
2377	86.26	91.82
2378	86.41	92.00
2379	86.12	91.56
2380	86.12	91.71
2381	86.00	91.79
2382	85.94	91.53
2383	86.12	92.03
2384	86.12	91.71
2385	85.97	91.61
2386	86.12	91.92
2387	85.76	91.21
2388	86.12	91.92
2389	85.94	91.71
2390	86.21	91.41
2391	86.06	91.85
2392	86.03	91.64
2393	86.12	91.74
2394	85.88	91.85
2395	86.06	91.85
2396	86.15	91.88
2397	86.09	91.79
2398	86.12	91.92
2399	85.97	91.73
2400	86.32	91.92
2401	86.06	91.35
2402	86.12	91.77
2403	86.21	91.89
2404	86.12	91.77
2405	86.12	91.80
2406	86.26	91.74
2407	86.12	91.73
2408	86.21	91.91
2409	86.32	91.85
2410	86.03	91.50
2411	86.09	91.82
2412	86.12	91.88
2413	86.21	91.85
2414	85.94	91.52
2415	86.18	91.86
2416	85.88	91.67
2417	86.35	91.67
2418	86.03	91.74
2419	86.09	91.82
2420	86.15	91.83
2421	86.09	91.52
2422	86.03	91.71
2423	85.91	91.48
2424	86.15	91.85
2425	86.24	91.79
2426	86.15	91.65
2427	86.06	91.61
2428	86.24	91.74
2429	86.38	91.70
2430	85.94	91.83
2431	85.97	91.73
2432	86.12	91.74
2433	86.32	91.89
2434	86.12	91.70
2435	86.18	91.79
2436	86.26	91.89
2437	86.24	91.86
2438	86.18	91.74
2439	86.29	91.80
2440	86.18	91.70
2441	86.35	91.71
2442	85.76	91.26
2443	86.15	91.55
2444	86.15	91.65
2445	86.12	91.62
2446	86.26	91.76
2447	86.24	91.76
2448	86.09	91.65
2449	86.24	91.32
2450	86.47	91.86
2451	86.50	91.68
2452	86.18	91.62
2453	86.35	91.76
2454	86.06	91.62
2455	86.15	91.59
2456	86.41	91.82
2457	86.24	91.83
2458	86.44	91.91
2459	85.88	90.59
2460	86.29	91.45
2461	85.76	91.06
2462	86.47	92.09
2463	86.59	91.94
2464	86.65	91.79
2465	86.35	91.70
2466	86.50	91.92
2467	86.47	91.91
2468	86.44	91.91
2469	86.41	91.91
2470	86.26	91.67
2471	86.26	91.70
2472	86.53	91.95
2473	86.38	92.08
2474	86.32	91.73
2475	86.50	92.03
2476	86.24	91.58
2477	86.35	91.71
2478	86.26	91.82
2479	86.59	91.73
2480	86.29	91.55
2481	86.24	91.97
2482	86.50	91.58
2483	86.50	91.94
2484	86.38	91.71
2485	86.09	91.05
2486	86.29	91.50
2487	86.35	91.71
2488	86.53	91.83
2489	86.32	91.76
2490	86.38	91.71
2491	86.35	92.00
2492	86.74	91.94
2493	86.76	92.09
2494	86.53	91.77
2495	86.32	91.76
2496	86.53	91.98
2497	86.18	91.74
2498	86.50	91.92
2499	86.41	92.06
2500	86.59	91.67
2501	86.09	91.55
2502	85.91	91.85
2503	86.76	91.89
2504	86.56	91.86
2505	86.44	91.82
2506	86.35	91.61
2507	86.59	91.80
2508	86.41	92.03
2509	86.41	91.98
2510	86.32	91.98
2511	86.24	91.95
2512	86.47	91.91
2513	86.24	91.89
2514	86.21	92.06
2515	86.15	92.02
2516	86.53	91.83
2517	86.29	91.79
2518	86.56	91.65
2519	86.41	91.61
2520	86.62	91.98
2521	86.65	91.95
2522	86.50	92.18
2523	86.41	91.97
2524	86.44	92.02
2525	86.62	91.88
2526	86.74	91.85
2527	86.44	92.09
2528	86.24	91.91
2529	86.26	92.20
2530	86.32	91.89
2531	86.38	91.76
2532	86.53	91.95
2533	86.38	91.91
2534	86.35	92.09
2535	86.26	91.82
2536	86.47	92.15
2537	86.59	92.08
2538	86.29	91.94
2539	86.44	91.80
2540	86.35	91.92
2541	86.24	91.76
2542	86.03	91.80
2543	86.12	91.74
2544	86.38	91.73
2545	86.41	91.98
2546	86.29	91.80
2547	86.00	92.05
2548	86.24	91.97
2549	86.50	91.97
2550	86.41	92.08
2551	86.56	92.14
2552	86.29	91.97
2553	86.32	92.15
2554	86.18	92.08
2555	86.26	92.03
2556	86.29	91.95
2557	86.21	91.76
2558	86.44	92.05
2559	86.35	91.91
2560	86.32	92.11
2561	86.18	92.11
2562	86.15	91.95
2563	86.29	91.85
2564	86.32	92.00
2565	86.26	92.02
2566	86.18	91.70
2567	86.47	91.56
2568	86.47	91.82
2569	86.03	91.92
2570	86.47	92.09
2571	86.41	92.00
2572	86.38	91.65
2573	86.53	91.97
2574	86.53	91.97
2575	86.68	91.97
2576	86.09	91.80
2577	86.32	91.89
2578	86.53	91.76
2579	86.24	91.71
2580	86.65	91.92
2581	86.53	91.98
2582	86.53	91.92
2583	86.21	91.62
2584	86.41	92.03
2585	86.32	91.94
2586	86.44	91.92
2587	86.59	92.09
2588	86.53	92.20
2589	86.47	92.26
2590	86.65	91.94
2591	86.53	91.89
2592	86.44	91.30
2593	86.21	91.77
2594	86.12	91.89
2595	86.21	91.92
2596	86.65	91.85
2597	86.56	91.94
2598	86.26	92.06
2599	86.41	91.70
2600	86.18	92.00
2601	86.56	91.86
2602	86.53	91.85
2603	86.12	92.11
2604	86.62	92.03
2605	86.53	92.18
2606	86.29	91.61
2607	86.38	91.74
2608	86.18	92.06
2609	86.50	92.18
2610	86.29	92.09
2611	86.53	91.95
2612	86.71	92.02
2613	86.53	91.68
2614	86.44	91.98
2615	86.44	91.86
2616	86.68	91.98
2617	86.56	92.14
2618	86.38	91.95
2619	86.44	91.98
2620	86.56	91.89
2621	86.44	91.94
2622	86.26	91.95
2623	86.59	91.86
2624	86.35	92.09
2625	86.44	92.00
2626	86.53	91.98
2627	86.53	91.83
2628	86.21	92.09
2629	86.47	91.95
2630	86.62	92.05
2631	86.50	91.91
2632	86.50	92.23
2633	86.47	92.00
2634	86.56	92.21
2635	86.62	92.05
2636	86.32	92.11
2637	86.26	92.17
2638	86.65	92.12
2639	86.29	92.09
2640	86.32	92.05
2641	85.85	92.08
2642	86.65	92.03
2643	86.32	91.86
2644	86.68	92.11
2645	86.06	91.98
2646	86.32	92.05
2647	86.35	91.98
2648	86.03	91.82
2649	86.38	91.94
2650	86.47	92.20
2651	86.29	92.03
2652	86.44	92.21
2653	86.38	92.12
2654	86.50	92.00
2655	86.38	91.64
2656	86.03	92.00
2657	86.09	91.85
2658	86.21	91.86
2659	86.38	91.95
2660	86.32	91.80
2661	86.29	91.83
2662	86.32	91.92
2663	86.35	91.85
2664	86.24	92.03
2665	86.35	91.95
2666	86.21	92.15
2667	86.21	92.03
2668	86.15	91.92
2669	86.00	91.80
2670	86.56	92.00
2671	86.24	92.08
2672	86.15	91.86
2673	85.88	91.80
2674	86.29	92.03
2675	86.38	92.02
2676	86.12	91.94
2677	86.74	92.06
2678	86.50	91.95
2679	86.32	91.97
2680	86.68	92.11
2681	86.53	92.23
2682	86.41	92.26
2683	86.62	92.15
2684	86.59	92.00
2685	86.44	91.71
2686	86.50	92.17
2687	86.79	92.08
2688	86.47	92.02
2689	86.50	92.05
2690	86.44	92.05
2691	86.32	91.88
2692	86.41	92.14
2693	86.38	91.94
2694	86.44	92.02
2695	86.62	92.06
2696	86.32	92.11
2697	86.35	91.77
2698	86.65	92.06
2699	86.32	91.88
2700	86.26	92.03
2701	86.50	92.02
2702	86.50	92.08
2703	86.41	91.98
2704	86.53	91.91
2705	86.18	91.85
2706	86.59	92.26
2707	86.65	91.82
2708	86.38	91.95
2709	86.41	92.17
2710	86.53	92.27
2711	86.65	92.05
2712	86.68	92.11
2713	86.68	92.00
2714	86.56	91.94
2715	86.47	92.18
2716	86.44	92.08
2717	86.44	92.06
2718	86.29	91.68
2719	86.26	92.05
2720	86.44	92.17
2721	86.47	92.03
2722	86.26	91.62
2723	86.24	91.94
2724	86.56	92.15
2725	86.47	92.11
2726	86.32	92.03
2727	86.24	92.14
2728	86.18	91.94
2729	86.18	91.88
2730	86.38	91.86
2731	86.32	92.24
2732	86.29	92.36
2733	86.62	92.09
2734	86.32	91.86
2735	86.38	92.26
2736	86.35	92.00
2737	86.09	92.15
2738	86.47	91.82
2739	86.29	92.03
2740	86.44	91.76
2741	86.38	92.06
2742	86.85	92.11
2743	86.41	92.09
2744	86.50	92.08
2745	86.59	92.12
2746	86.62	92.32
2747	86.71	92.29
2748	86.74	91.97
2749	86.59	92.18
2750	86.59	92.18
2751	86.76	92.02
2752	86.74	91.98
2753	86.38	92.02
2754	86.56	91.92
2755	86.59	92.26
2756	86.71	91.83
2757	86.79	92.27
2758	86.32	91.98
2759	86.56	92.23
2760	86.24	91.68
2761	86.32	91.79
2762	86.29	92.14
2763	86.53	91.92
2764	86.62	91.95
2765	86.44	91.68
2766	86.38	91.73
2767	86.09	91.83
2768	86.38	92.08
2769	86.56	91.80
2770	86.79	91.55
2771	86.41	91.92
2772	86.26	91.77
2773	86.68	91.89
2774	86.26	91.83
2775	86.29	92.18
2776	86.50	92.00
2777	86.50	91.92
2778	86.44	91.79
2779	86.15	92.06
2780	86.21	91.95
2781	86.38	92.00
2782	86.12	92.20
2783	86.50	91.53
2784	86.00	91.64
2785	86.00	91.50
2786	86.03	91.85
2787	86.44	91.85
2788	86.26	92.06
2789	86.47	92.20
2790	86.41	91.82
2791	86.53	92.12
2792	86.24	91.80
2793	86.12	91.94
2794	86.59	92.14
2795	86.00	91.14
2796	86.35	91.85
2797	86.32	91.83
2798	86.38	91.77
2799	86.12	91.95
2800	86.21	92.06
2801	86.32	91.76
2802	86.24	92.20
2803	86.38	91.88
2804	86.44	92.21
2805	86.38	92.23
2806	86.18	92.11
2807	86.29	91.89
2808	86.32	92.17
2809	86.29	92.26
2810	86.38	91.95
2811	86.41	91.91
2812	86.50	91.91
2813	86.38	92.08
2814	86.56	92.02
2815	86.68	92.05
2816	86.32	92.20
2817	86.21	92.03
2818	86.47	92.23
2819	86.38	92.29
2820	86.38	92.32
2821	86.38	91.85
2822	86.18	91.89
2823	86.53	92.17
2824	86.26	92.15
2825	86.26	92.24
2826	86.65	92.24
2827	86.68	92.03
2828	86.56	92.08
2829	86.32	92.20
2830	86.53	91.86
2831	86.06	91.68
2832	86.38	91.85
2833	86.62	91.85
2834	86.21	92.12
2835	86.65	92.11
2836	86.47	91.95
2837	86.38	92.17
2838	86.62	92.02
2839	86.59	92.03
2840	86.29	92.23
2841	86.29	92.11
2842	86.21	92.15
2843	86.06	92.12
2844	86.50	92.08
2845	86.50	92.15
2846	86.85	92.35
2847	85.97	92.06
2848	86.29	92.21
2849	86.38	92.20
2850	86.50	92.00
2851	86.41	91.83
2852	85.62	91.80
2853	86.24	92.02
2854	86.47	91.85
2855	86.35	91.89
2856	86.32	92.18
2857	86.56	91.97
2858	86.32	91.76
2859	86.26	92.11
2860	86.09	92.15
2861	86.35	92.05
2862	86.18	91.59
2863	86.38	91.89
2864	86.38	92.24
2865	86.44	91.94
2866	86.53	92.06
2867	86.03	91.79
2868	86.12	92.23
2869	86.24	92.00
2870	86.41	92.09
2871	86.32	91.98
2872	86.50	92.08
2873	86.50	92.11
2874	86.32	92.05
2875	86.50	91.94
2876	86.35	92.24
2877	86.38	92.11
2878	86.32	92.06
2879	86.53	92.02
2880	86.41	92.15
2881	86.53	92.03
2882	86.38	92.15
2883	86.12	91.89
2884	86.32	91.95
2885	86.47	91.97
2886	86.29	91.94
2887	86.29	91.98
2888	86.21	92.08
2889	86.26	92.24
2890	86.50	92.20
2891	86.41	92.02
2892	86.21	92.26
2893	86.47	92.32
2894	86.35	92.14
2895	86.38	92.29
2896	86.26	91.92
2897	86.29	91.79
2898	86.47	92.18
2899	86.47	92.09
2900	85.94	92.11
2901	86.44	91.97
2902	85.97	92.12
2903	86.12	92.30
2904	86.62	92.20
2905	86.35	91.94
2906	86.41	91.94
2907	86.32	92.21
2908	86.24	92.15
2909	86.06	92.02
2910	86.32	91.86
2911	86.38	92.26
2912	85.94	91.86
2913	86.35	91.98
2914	86.24	92.11
2915	86.26	92.09
2916	86.21	92.03
2917	86.38	92.02
2918	86.24	91.83
2919	86.18	91.92
2920	86.38	92.26
2921	86.26	91.91
2922	86.24	92.29
2923	86.18	92.27
2924	86.47	92.20
2925	86.38	92.30
2926	86.32	92.20
2927	86.38	92.24
2928	86.26	92.23
2929	86.24	92.30
2930	86.26	92.24
2931	86.29	91.94
2932	86.44	92.35
2933	86.41	92.26
2934	86.47	92.27
2935	86.32	92.20
2936	86.41	92.41
2937	86.24	92.21
2938	86.41	92.29
2939	86.21	92.33
2940	86.35	92.26
2941	86.24	92.08
2942	86.35	92.26
2943	86.24	92.15
2944	86.44	92.18
2945	86.47	92.21
2946	86.09	91.97
2947	86.00	92.14
2948	86.26	92.18
2949	86.15	92.27
2950	85.71	92.21
2951	86.12	92.29
2952	86.00	91.98
2953	86.12	92.17
2954	86.15	92.08
2955	86.35	92.11
2956	86.29	92.12
2957	85.91	92.08
2958	86.09	92.14
2959	86.03	92.02
2960	86.24	92.00
2961	85.88	92.03
2962	85.85	91.94
2963	86.26	92.00
2964	86.15	91.97
2965	86.26	92.17
2966	86.00	92.15
2967	86.12	91.73
2968	86.03	92.26
2969	85.68	91.61
2970	86.24	92.06
2971	86.06	92.09
2972	86.56	92.09
2973	86.00	92.11
2974	86.18	91.89
2975	86.47	91.98
2976	86.41	92.02
2977	86.03	91.80
2978	85.59	91.74
2979	86.00	92.29
2980	85.71	92.00
2981	85.85	91.89
2982	86.26	92.02
2983	85.94	91.85
2984	85.74	91.85
2985	86.12	91.83
2986	85.74	91.95
2987	86.29	91.92
2988	86.26	91.86
2989	86.03	92.15
2990	85.88	91.88
2991	86.06	92.09
2992	86.26	92.17
2993	86.15	92.41
2994	85.91	91.91
2995	85.53	92.15
2996	85.91	92.03
2997	85.71	91.77
2998	85.91	92.00
2999	86.12	92.00
3000	86.09	91.85
3001	86.32	92.05
3002	85.82	91.92
3003	85.94	91.85
3004	85.79	91.97
3005	85.68	91.85
3006	85.91	91.94
3007	85.88	91.94
3008	86.00	92.18
3009	86.35	92.11
3010	85.97	91.97
3011	86.18	91.97
3012	86.18	91.45
3013	85.94	91.92
3014	86.26	91.97
3015	86.12	91.89
3016	85.88	91.94
3017	86.12	91.89
3018	86.41	91.83
3019	85.71	91.79
3020	86.50	91.91
3021	86.06	91.91
3022	86.38	91.86
3023	86.18	91.59
3024	85.76	91.73
3025	86.53	91.77
3026	86.26	91.71
3027	86.09	92.05
3028	86.35	92.06
3029	86.03	92.08
3030	85.91	91.39
3031	85.56	91.89
3032	85.53	91.91
3033	86.21	92.02
3034	85.88	92.02
3035	86.06	91.48
3036	85.97	92.11
3037	86.35	91.88
3038	86.06	92.09
3039	86.18	91.79
3040	86.15	92.15
3041	86.32	91.80
3042	86.38	91.83
3043	86.38	91.83
3044	86.15	92.08
3045	85.88	91.65
3046	86.32	91.92
3047	86.06	92.21
3048	86.24	92.05
3049	86.38	91.95
3050	86.24	91.80
3051	86.09	92.17
3052	85.62	91.83
3053	85.91	92.11
3054	86.00	92.17
3055	86.15	91.95
3056	86.12	92.05
3057	86.00	92.00
3058	86.26	92.03
3059	85.85	91.88
3060	86.12	92.06
3061	86.09	91.92
3062	86.29	92.29
3063	86.18	92.02
3064	86.09	91.06
3065	86.03	91.77
3066	86.38	91.83
3067	85.71	92.26
3068	86.09	92.17
3069	86.09	92.02
3070	85.94	92.17
3071	86.00	92.23
3072	85.76	91.67
3073	85.82	92.33
3074	86.21	91.86
3075	85.91	92.24
3076	85.97	92.21
3077	85.85	91.91
3078	85.88	92.09
3079	85.59	91.95
3080	86.00	91.89
3081	85.71	91.94
3082	86.21	91.85
3083	86.12	91.80
3084	85.53	90.91
3085	85.94	91.67
3086	85.94	92.11
3087	85.91	92.20
3088	86.03	92.17
3089	86.12	91.89
3090	86.00	92.05
3091	86.00	92.12
3092	85.82	92.06
3093	85.88	92.29
3094	85.74	92.26
3095	86.26	92.17
3096	85.91	92.09
3097	86.09	91.97
3098	85.91	92.08
3099	85.85	92.06
3100	85.79	92.21
3101	85.68	92.12
3102	85.71	91.95
3103	86.15	92.15
3104	85.85	92.17
3105	85.85	92.15
3106	86.15	91.97
3107	85.76	92.45
3108	85.71	91.55
3109	85.97	91.71
3110	85.82	92.32
3111	86.03	92.05
3112	85.91	92.18
3113	86.35	91.91
3114	85.56	92.35
3115	86.21	92.15
3116	85.59	91.86
3117	85.91	92.09
3118	85.74	92.24
3119	85.65	92.26
3120	85.59	92.12
3121	86.09	91.91
3122	86.47	92.03
3123	86.06	91.83
3124	85.97	92.18
3125	86.06	92.08
3126	86.12	92.41
3127	85.65	91.74
3128	85.74	92.09
3129	86.12	92.23
3130	85.97	92.05
3131	85.82	92.30
3132	86.00	92.05
3133	85.65	92.24
3134	85.79	92.18
3135	86.12	91.94
3136	85.65	92.15
3137	86.15	91.92
3138	85.85	92.29
3139	86.15	92.00
3140	86.00	92.27
3141	86.26	92.00
3142	86.06	91.98
3143	85.94	91.98
3144	85.68	92.32
3145	86.00	92.32
3146	86.15	92.11
3147	86.06	92.14
3148	86.12	92.12
3149	86.00	91.70
3150	85.74	92.03
3151	85.91	92.08
3152	85.74	92.27
3153	86.00	91.82
3154	86.12	91.70
3155	85.85	92.09
3156	86.03	92.18
3157	85.50	92.18
3158	85.94	92.30
3159	86.26	92.12
3160	86.00	92.20
3161	86.26	92.14
3162	86.38	92.30
3163	85.91	92.23
3164	85.71	92.11
3165	86.18	91.98
3166	86.15	92.26
3167	85.97	92.21
3168	86.06	91.58
3169	85.85	92.12
3170	86.41	92.14
3171	86.50	91.98
3172	85.94	91.98
3173	86.12	92.05
3174	86.09	91.91
3175	86.44	92.21
3176	86.18	91.89
3177	86.32	92.17
3178	85.88	92.08
3179	86.38	92.41
3180	86.29	92.29
3181	86.26	91.85
3182	86.44	91.88
3183	86.21	92.29
3184	86.29	91.97
3185	86.00	92.30
3186	86.53	91.86
3187	86.26	92.21
3188	85.94	92.36
3189	86.38	92.12
3190	86.50	92.02
3191	86.38	91.64
3192	86.21	92.27
3193	85.88	91.48
3194	86.00	92.15
3195	86.12	92.33
3196	86.29	92.18
3197	86.12	92.09
3198	86.24	91.86
3199	86.44	91.95
3200	86.29	92.02
3201	86.41	92.23
3202	86.62	92.17
3203	85.76	92.48
3204	86.62	92.38
3205	85.97	90.89
3206	86.38	92.41
3207	86.32	92.32
3208	86.29	92.23
3209	86.24	92.33
3210	85.59	92.15
3211	86.09	91.97
3212	86.15	91.92
3213	86.32	92.14
3214	86.12	92.24
3215	86.41	92.09
3216	86.29	92.09
3217	86.50	92.00
3218	86.35	92.26
3219	86.21	92.09
3220	86.24	91.73
3221	86.56	92.12
3222	86.06	92.14
3223	86.32	92.27
3224	86.09	92.38
3225	85.59	92.18
3226	86.12	92.05
3227	85.88	92.33
3228	85.79	92.33
3229	86.38	92.26
3230	85.94	92.27
3231	86.21	90.97
3232	85.85	91.77
3233	86.09	92.08
3234	86.41	92.06
3235	85.97	92.12
3236	86.29	92.26
3237	86.18	90.91
3238	85.91	92.26
3239	86.24	92.29
3240	86.26	92.35
3241	86.12	92.24
3242	86.15	92.18
3243	86.15	92.30
3244	86.26	92.32
3245	86.03	92.27
3246	86.03	92.21
3247	86.21	92.24
3248	86.21	92.09
3249	86.09	92.20
3250	86.09	91.02
3251	86.03	92.32
3252	86.32	92.36
3253	86.38	92.20
3254	86.47	92.00
3255	86.32	91.95
3256	86.21	92.26
3257	85.88	90.74
3258	86.15	92.09
3259	85.79	91.77
3260	86.24	92.06
3261	85.91	92.09
3262	85.97	92.08
3263	85.88	92.33
3264	86.09	92.09
3265	86.21	92.11
3266	86.15	92.24
3267	86.21	92.23
3268	86.32	91.95
3269	85.76	92.06
3270	86.21	92.11
3271	86.12	92.15
3272	85.88	92.08
3273	86.32	91.88
3274	86.35	91.83
3275	85.91	92.08
3276	86.18	92.30
3277	86.00	92.23
3278	86.03	91.58
3279	86.15	92.21
3280	86.00	92.02
3281	86.12	91.77
3282	85.94	92.00
3283	86.32	91.85
3284	86.26	92.00
3285	86.29	92.12
3286	86.15	92.21
3287	86.21	92.27
3288	86.03	92.02
3289	86.15	92.09
3290	85.76	90.86
3291	86.03	92.35
3292	86.21	92.14
3293	86.24	92.05
3294	86.18	92.09
3295	86.35	92.08
3296	85.91	91.56
3297	85.88	92.11
3298	86.26	91.76
3299	85.97	92.03
3300	86.18	91.74
3301	86.15	92.09
3302	86.24	92.17
3303	85.97	92.06
3304	86.06	92.15
3305	85.94	92.17
3306	85.59	91.59
3307	85.94	92.35
3308	86.32	92.14
3309	85.97	91.15
3310	86.29	92.12
3311	86.21	91.76
3312	86.09	91.64
3313	86.06	91.71
3314	85.76	91.80
3315	85.82	91.92
3316	85.74	91.11
3317	85.94	91.86
3318	85.76	91.23
3319	86.12	92.20
3320	85.85	92.18
3321	86.26	91.92
3322	85.74	92.20
3323	85.68	90.83
3324	85.74	91.89
3325	86.06	92.15
3326	85.88	92.06
3327	85.62	90.89
3328	85.62	92.02
3329	86.06	91.94
3330	85.59	92.09
3331	85.97	92.03
3332	86.03	92.09
3333	85.74	91.73
3334	85.94	92.17
3335	85.85	92.17
3336	85.88	92.29
3337	86.21	92.00
3338	86.03	91.92
3339	86.00	92.35
3340	86.03	92.32
3341	85.85	92.35
3342	85.47	91.30
3343	85.44	92.23
3344	86.09	92.24
3345	85.88	92.18
3346	85.62	91.26
3347	85.62	92.11
3348	85.53	92.09
3349	85.76	92.30
3350	85.74	92.41
3351	85.74	92.24
3352	86.09	92.14
3353	86.00	92.14
3354	86.26	92.17
3355	85.97	92.30
3356	85.62	92.32
3357	85.85	92.26
3358	86.18	91.97
3359	85.74	91.12
3360	85.35	92.08
3361	85.12	92.12
3362	85.91	92.12
3363	85.91	92.09
3364	86.06	92.14
3365	85.79	92.27
3366	85.82	92.12
3367	85.76	92.06
3368	86.15	92.08
3369	85.68	92.35
3370	85.62	91.97
3371	86.21	91.97
3372	85.65	90.92
3373	85.85	92.06
3374	86.12	91.88
3375	85.76	92.17
3376	86.06	91.92
3377	86.18	91.82
3378	85.47	91.67
3379	86.00	92.18
3380	86.24	91.73
3381	85.79	91.98
3382	86.29	91.85
3383	85.97	91.86
3384	85.71	91.92
3385	86.41	91.98
3386	86.26	91.77
3387	86.00	91.83
3388	86.15	91.98
3389	85.94	91.82
3390	86.35	92.23
3391	85.68	91.95
3392	86.44	91.94
3393	85.68	92.09
3394	85.47	91.74
3395	85.91	91.86
3396	86.06	92.15
3397	86.18	92.06
3398	85.85	91.62
3399	86.24	92.05
3400	86.38	92.12
3401	85.88	91.14
3402	85.68	92.12
3403	86.06	91.06
3404	85.62	91.98
3405	85.29	92.12
3406	85.26	92.06
3407	85.74	92.42
3408	85.47	92.17
3409	86.00	92.21
3410	85.91	91.68
3411	85.88	91.97
3412	85.44	92.02
3413	85.88	92.21
3414	86.03	92.17
3415	85.97	91.91
3416	85.79	92.30
3417	86.09	92.23
3418	85.94	90.88
3419	85.74	91.94
3420	86.35	92.33
3421	85.65	91.09
3422	85.65	92.05
3423	85.97	92.39
3424	86.12	92.17
3425	85.44	92.32
3426	86.00	91.82
3427	86.03	92.12
3428	86.21	92.08
3429	85.62	91.98
3430	85.35	91.80
3431	85.97	92.11
3432	86.09	91.38
3433	85.97	92.18
3434	86.18	92.11
3435	85.82	90.86
3436	85.26	92.30
3437	85.50	90.80
3438	86.00	92.38
3439	85.38	91.55
3440	86.35	92.08
3441	85.85	92.26
3442	85.88	92.11
3443	85.91	92.38
3444	86.38	92.32
3445	86.38	92.06
3446	86.32	92.05
3447	85.94	92.15
3448	85.65	92.20
3449	85.79	92.08
3450	86.47	92.08
3451	86.03	92.27
3452	86.09	92.15
3453	86.26	92.24
3454	85.97	92.15
3455	85.47	91.09
3456	86.00	92.24
3457	85.91	92.02
3458	86.38	92.00
3459	85.97	92.17
3460	86.12	92.36
3461	86.26	92.26
3462	86.03	92.21
3463	86.26	92.09
3464	85.88	91.86
3465	85.94	91.91
3466	85.74	92.27
3467	85.82	92.05
3468	85.88	92.14
3469	85.85	90.53
3470	86.09	92.18
3471	85.91	91.53
3472	85.68	92.11
3473	85.79	92.17
3474	86.15	92.11
3475	86.06	92.17
3476	86.15	92.03
3477	85.88	91.06
3478	85.71	92.33
3479	85.65	90.59
3480	85.79	92.03
3481	86.00	92.32
3482	85.85	91.67
3483	85.21	91.94
3484	86.00	92.15
3485	85.44	91.91
3486	85.79	92.27
3487	85.65	91.50
3488	85.94	92.12
3489	85.62	92.18
3490	85.29	91.29
3491	85.94	92.12
3492	86.21	92.15
3493	86.09	91.61
3494	85.74	91.91
3495	85.94	91.67
3496	86.06	91.68
3497	86.26	92.08
3498	86.18	92.08
3499	85.79	92.11
3500	86.15	92.14
3501	86.06	92.30
3502	86.12	92.33
3503	86.21	92.17
3504	85.94	91.73
3505	85.79	91.80
3506	85.53	92.32
3507	85.50	92.21
3508	85.91	92.00
3509	86.06	92.11
3510	86.03	92.29
3511	86.09	92.20
3512	86.06	92.20
3513	86.35	91.95
3514	86.21	91.94
3515	85.94	92.17
3516	86.21	92.05
3517	85.79	92.02
3518	85.41	90.91
3519	85.53	92.11
3520	85.97	92.11
3521	85.79	92.23
3522	86.24	92.24
3523	86.09	92.42
3524	86.26	92.18
3525	86.00	92.32
3526	86.06	91.68
3527	85.94	92.39
3528	86.29	92.26
3529	86.09	92.14
3530	86.00	92.14
3531	85.71	92.32
3532	85.79	92.27
3533	85.74	92.39
3534	85.91	92.00
3535	86.06	91.98
3536	85.74	91.83
3537	85.68	92.39
3538	85.74	92.26
3539	85.62	92.21
3540	85.62	91.83
3541	86.03	92.09
3542	85.94	92.12
3543	85.97	92.26
3544	85.88	91.45
3545	85.71	90.86
3546	85.74	92.33
3547	85.65	92.08
3548	85.91	92.30
3549	85.91	92.02
3550	85.71	91.88
3551	85.53	91.68
3552	85.94	91.98
3553	85.91	91.92
3554	86.41	91.64
3555	86.00	92.26
3556	85.76	92.18
3557	85.91	92.20
3558	85.62	90.97
3559	85.38	92.38
3560	85.76	92.15
3561	85.79	92.30
3562	85.71	92.24
3563	85.79	92.36
3564	85.88	92.11
3565	85.79	92.18
3566	85.94	92.30
3567	85.88	92.26
3568	86.24	92.12
3569	85.71	90.82
3570	85.53	92.26
3571	86.18	92.09
3572	85.97	92.15
3573	85.38	90.77
3574	85.38	91.92
3575	85.82	91.74
3576	85.76	92.26
3577	85.82	92.05
3578	85.74	92.12
3579	85.88	92.26
3580	85.91	91.91
3581	85.74	92.03
3582	85.68	92.27
3583	85.56	91.20
3584	85.74	92.00
3585	85.71	92.33
3586	85.82	91.88
3587	86.03	92.29
3588	85.59	92.24
3589	86.00	92.35
3590	86.09	92.38
3591	85.76	92.23
3592	85.76	91.33
3593	85.62	92.14
3594	85.24	92.18
3595	85.85	92.29
3596	85.91	92.42
3597	86.00	92.15
3598	86.06	92.36
3599	85.76	92.45
3600	85.59	92.30
3601	85.91	92.27
3602	85.65	92.11
3603	85.88	91.11
3604	86.18	92.00
3605	85.82	92.11
3606	85.32	92.20
3607	85.97	92.26
3608	86.00	92.23
3609	85.56	92.05
3610	85.35	91.29
3611	85.65	92.26
3612	85.68	92.32
3613	85.79	92.26
3614	85.82	91.23
3615	85.68	91.21
3616	85.79	92.00
3617	85.88	91.82
3618	85.41	92.42
3619	85.79	91.98
3620	85.74	91.88
3621	85.59	91.73
3622	85.65	91.33
3623	85.74	92.05
3624	85.65	92.17
3625	85.85	92.18
3626	85.76	92.24
3627	85.76	91.71
3628	85.76	92.14
3629	85.62	92.03
3630	85.68	92.06
3631	86.06	92.27
3632	86.24	92.15
3633	86.06	92.35
3634	85.85	92.30
3635	86.06	92.42
3636	85.97	91.42
3637	86.41	92.20
3638	85.97	92.17
3639	86.35	92.09
3640	85.50	92.32
3641	85.00	92.30
3642	86.26	92.38
3643	85.91	92.27
3644	85.91	92.05
3645	86.24	92.02
3646	85.97	92.32
3647	85.91	90.94
3648	85.68	91.53
3649	85.68	92.14
3650	85.56	92.17
3651	85.79	92.17
3652	86.09	92.30
3653	85.82	92.20
3654	85.71	92.48
3655	85.59	92.14
3656	85.65	92.12
3657	85.91	92.32
3658	85.71	92.24
3659	85.91	92.50
3660	86.03	92.14
3661	85.74	91.94
3662	85.79	90.88
3663	85.26	91.91
3664	85.85	91.97
3665	85.82	92.41
3666	85.82	92.39
3667	85.50	92.09
3668	85.74	92.55
3669	86.18	92.17
3670	85.94	92.35
3671	86.09	92.52
3672	85.91	92.39
3673	86.00	92.30
3674	85.41	92.44
3675	85.56	91.56
3676	85.97	92.30
3677	85.59	92.24
3678	86.00	92.39
3679	86.00	92.29
3680	85.88	92.24
3681	86.06	91.91
3682	86.03	92.38
3683	86.18	92.14
3684	85.53	91.26
3685	85.50	92.11
3686	85.68	92.27
3687	86.09	92.12
3688	86.06	92.11
3689	85.47	91.97
3690	85.97	92.11
3691	86.26	91.30
3692	86.18	92.20
3693	85.44	92.12
3694	86.32	92.03
3695	85.29	91.71
3696	86.03	91.67
3697	85.82	92.23
3698	85.74	91.42
3699	85.74	92.18
3700	85.35	92.05
3701	85.85	92.24
3702	85.88	92.08
3703	85.76	91.29
3704	86.03	92.41
3705	85.76	91.62
3706	86.03	91.32
3707	85.53	91.85
3708	86.26	92.00
3709	85.26	91.94
3710	85.85	90.97
3711	85.47	92.11
3712	85.56	92.11
3713	84.97	91.88
3714	85.88	91.44
3715	85.88	92.15
3716	85.21	92.38
3717	85.94	92.12
3718	85.76	92.17
3719	86.18	91.21
3720	85.91	92.21
3721	85.53	92.06
3722	86.15	91.97
3723	85.06	91.74
3724	85.82	92.02
3725	86.15	92.29
3726	86.06	92.15
3727	85.79	91.97
3728	86.03	92.15
3729	86.12	92.29
3730	85.82	92.42
3731	86.03	92.21
3732	86.24	92.26
3733	86.12	92.15
3734	86.21	92.23
3735	85.32	91.89
3736	85.62	91.20
3737	85.15	91.82
3738	85.38	91.71
3739	85.56	91.71
3740	86.26	91.47
3741	85.91	92.12
3742	85.88	92.21
3743	85.85	91.89
3744	85.32	91.30
3745	85.59	92.24
3746	85.88	91.71
3747	86.09	92.21
3748	86.09	92.35
3749	86.00	92.42
3750	86.12	92.11
3751	85.56	92.20
3752	86.00	92.36
3753	86.15	91.59
3754	86.00	92.21
3755	85.76	92.08
3756	85.82	91.45
3757	86.12	92.38
3758	85.85	92.12
3759	85.71	92.32
3760	85.76	91.33
3761	86.03	92.17
3762	85.47	91.42
3763	85.65	92.03
3764	85.76	92.21
3765	85.74	91.53
3766	85.74	92.38
3767	85.62	91.82
3768	85.68	92.03
3769	86.44	91.76
3770	86.00	91.76
3771	85.76	92.33
3772	85.82	91.61
3773	85.94	92.41
3774	85.62	92.15
3775	85.56	92.26
3776	85.50	92.32
3777	85.24	91.15
3778	85.71	92.39
3779	85.35	92.17
3780	85.88	92.24
3781	85.44	91.82
3782	85.59	92.24
3783	85.50	91.20
3784	85.41	92.33
3785	85.62	92.38
3786	85.68	92.39
3787	85.65	91.65
3788	85.88	92.44
3789	85.65	92.39
3790	85.71	92.42
3791	86.15	91.88
3792	85.62	92.27
3793	85.85	91.94
3794	85.56	92.38
3795	85.68	92.29
3796	85.85	92.20
3797	85.71	92.17
3798	85.47	91.59
3799	85.44	91.44
3800	85.62	92.30
3801	85.85	92.26
3802	86.12	92.12
3803	86.03	91.92
3804	85.71	92.42
3805	85.35	91.32
3806	85.97	92.32
3807	85.74	92.17
3808	85.62	92.00
3809	85.21	92.45
3810	85.65	92.48
3811	85.24	90.85
3812	85.74	91.70
3813	85.59	92.09
3814	86.00	91.59
3815	85.71	92.26
3816	85.74	92.02
3817	85.79	92.18
3818	85.32	91.12
3819	85.68	92.20
3820	85.56	92.35
3821	85.79	91.86
3822	85.71	91.36
3823	85.71	92.32
3824	85.62	92.39
3825	85.65	92.45
3826	85.88	92.12
3827	85.00	91.12
3828	85.76	92.42
3829	85.97	92.20
3830	85.88	92.30
3831	85.71	91.71
3832	86.15	92.29
3833	86.12	91.85
3834	86.09	92.32
3835	85.74	91.95
3836	85.71	91.71
3837	85.56	92.39
3838	85.68	92.11
3839	85.74	92.17
3840	85.79	92.09
3841	85.68	92.20
3842	85.03	90.89
3843	85.53	91.82
3844	85.74	91.38
3845	85.44	91.35
3846	86.00	92.41
3847	86.18	92.36
3848	85.94	92.47
3849	86.09	91.39
3850	85.91	92.15
3851	85.65	92.23
3852	85.71	91.36
3853	85.82	92.32
3854	85.74	91.38
3855	85.26	92.17
3856	85.47	91.85
3857	85.62	92.05
3858	85.68	92.03
3859	85.68	91.64
3860	85.32	91.47
3861	85.79	92.17
3862	85.53	92.08
3863	85.94	92.09
3864	85.56	92.06
3865	85.41	92.03
3866	85.65	91.58
3867	85.56	92.23
3868	85.76	92.45
3869	85.85	92.24
3870	85.76	92.55
3871	85.74	91.52
3872	85.59	92.11
3873	85.59	92.39
3874	85.79	92.29
3875	85.38	91.67
3876	85.79	92.38
3877	85.18	91.73
3878	85.35	92.18
3879	85.68	92.38
3880	85.56	92.27
3881	85.68	92.30
3882	85.76	92.14
3883	85.71	91.27
3884	85.91	92.03
3885	85.41	92.29
3886	85.62	92.48
3887	85.71	91.70
3888	85.59	92.36
3889	85.59	92.35
3890	85.59	91.42
3891	85.68	92.29
3892	85.53	92.21
3893	85.38	91.61
3894	85.68	92.08
3895	85.47	92.36
3896	85.56	92.33
3897	85.68	92.38
3898	85.53	91.71
3899	85.71	92.41
3900	85.53	92.15
3901	85.68	92.15
3902	85.71	91.76
3903	85.68	92.20
3904	85.24	91.47
3905	85.12	92.30
3906	85.79	92.06
3907	85.88	92.06
3908	85.59	92.06
3909	85.62	92.35
3910	85.44	91.88
3911	85.41	91.68
3912	85.32	92.29
3913	85.85	92.33
3914	85.29	91.80
3915	85.24	92.42
3916	85.85	92.30
3917	85.29	91.77
3918	85.62	92.30
3919	85.26	92.06
3920	85.74	92.23
3921	85.59	92.44
3922	85.65	91.91
3923	85.15	91.26
3924	85.76	92.32
3925	85.35	92.38
3926	85.50	91.74
3927	85.50	92.02
3928	85.68	92.41
3929	85.68	91.55
3930	85.68	92.38
3931	85.24	91.39
3932	85.97	92.09
3933	85.56	91.98
3934	85.56	92.05
3935	85.41	92.17
3936	85.53	92.29
3937	85.24	91.58
3938	85.74	92.17
3939	85.59	92.35
3940	85.68	92.47
3941	85.32	91.79
3942	85.74	92.20
3943	85.62	92.24
3944	85.65	91.77
3945	85.68	92.20
3946	85.41	91.62
3947	84.97	92.20
3948	85.38	92.39
3949	85.12	91.53
3950	85.62	91.98
3951	85.47	92.47
3952	85.24	91.61
3953	85.29	91.77
3954	85.09	91.52
3955	85.26	92.56
3956	85.21	91.67
3957	85.21	92.27
3958	85.29	91.83
3959	85.79	92.15
3960	85.65	92.24
3961	84.94	91.53
3962	85.44	92.12
3963	85.47	92.14
3964	85.15	91.79
3965	85.65	91.86
3966	85.53	92.15
3967	85.71	91.98
3968	85.62	91.59
3969	85.47	92.47
3970	85.47	92.45
3971	85.62	92.32
3972	85.38	91.98
3973	85.26	92.44
3974	85.50	92.11
3975	85.76	92.36
3976	85.76	92.26
3977	85.68	92.29
3978	84.94	91.32
3979	85.38	92.42
3980	85.21	92.32
3981	85.24	91.88
3982	85.41	92.42
3983	85.24	91.82
3984	85.00	91.89
3985	85.29	92.09
3986	85.68	92.24
3987	85.50	92.65
3988	85.26	91.82
3989	85.15	91.64
3990	85.24	92.38
3991	85.74	91.91
3992	85.24	92.24
3993	85.06	91.53
3994	85.29	91.24
3995	85.65	91.79
3996	85.65	91.42
3997	85.53	92.27
3998	85.24	92.21
3999	85.21	91.58
4000	85.41	92.33
4001	85.56	91.71
4002	85.38	91.56
4003	85.38	92.32
4004	85.38	91.70
4005	85.44	92.23
4006	85.88	91.98
4007	85.94	92.08
4008	85.26	92.18
4009	85.50	91.95
4010	85.44	91.42
4011	85.50	92.47
4012	85.82	91.97
4013	85.53	92.52
4014	85.76	92.12
4015	85.94	92.30
4016	85.44	91.50
4017	85.50	91.64
4018	85.65	92.00
4019	85.68	91.33
4020	85.47	91.77
4021	85.56	92.30
4022	85.38	91.83
4023	85.32	92.03
4024	85.79	92.32
4025	85.56	92.53
4026	85.38	91.83
4027	85.62	92.52
4028	85.88	91.35
4029	85.44	92.30
4030	85.35	91.53
4031	85.85	92.56
4032	85.97	92.52
4033	85.91	91.89
4034	85.71	92.41
4035	85.76	92.52
4036	86.03	92.35
4037	85.38	90.76
4038	85.71	91.89
4039	85.56	91.92
4040	85.65	92.06
4041	85.79	91.59
4042	85.62	92.42
4043	85.74	91.55
4044	85.68	91.71
4045	85.71	92.55
4046	86.06	92.06
4047	85.71	92.38
4048	85.71	92.47
4049	85.74	92.44
4050	85.62	91.70
4051	85.85	92.21
4052	85.91	92.47
4053	85.82	92.50
4054	85.65	92.11
4055	85.82	92.18
4056	85.91	92.08
4057	85.62	92.53
4058	85.76	92.36
4059	85.82	92.44
4060	85.88	92.12
4061	85.76	92.44
4062	85.50	91.95
4063	85.65	92.56
4064	86.15	92.32
4065	85.68	92.55
4066	85.85	92.64
4067	85.44	91.44
4068	85.00	92.00
4069	85.62	92.15
4070	85.68	92.23
4071	85.65	92.44
4072	85.62	92.29
4073	85.62	92.20
4074	85.88	91.76
4075	85.24	92.14
4076	85.03	91.67
4077	85.85	92.61
4078	85.79	92.42
4079	85.91	92.53
4080	85.35	91.61
4081	85.68	92.42
4082	85.47	92.38
4083	85.79	92.36
4084	85.65	92.52
4085	85.76	92.33
4086	85.65	92.35
4087	85.26	91.88
4088	85.59	92.48
4089	85.56	91.80
4090	85.65	92.33
4091	85.62	91.85
4092	85.68	92.53
4093	85.91	92.44
4094	85.76	91.88
4095	85.71	91.64
4096	85.53	92.23
4097	85.47	91.67
4098	85.79	92.27
4099	85.94	92.50
4100	85.18	91.29
4101	85.38	92.23
4102	85.76	92.29
4103	85.74	92.67
4104	85.76	92.39
4105	85.44	92.35
4106	85.68	91.53
4107	85.62	92.42
4108	85.38	91.94
4109	85.24	92.05
4110	85.59	91.98
4111	85.76	92.42
4112	85.79	91.76
4113	85.47	92.41
4114	85.53	92.24
4115	85.62	92.52
4116	85.74	92.41
4117	85.47	92.21
4118	85.41	90.68
4119	85.62	92.14
4120	85.82	92.39
4121	85.09	92.33
4122	85.32	91.97
4123	85.47	92.20
4124	85.09	91.98
4125	85.24	92.27
4126	85.41	91.82
4127	86.00	92.32
4128	85.59	92.21
4129	85.71	91.79
4130	85.53	91.95
4131	85.44	92.27
4132	85.56	91.59
4133	85.74	92.41
4134	85.26	92.23
4135	85.29	91.88
4136	85.38	91.86
4137	85.53	91.61
4138	85.47	92.08
4139	85.59	91.98
4140	85.74	91.45
4141	85.76	92.18
4142	85.44	91.88
4143	85.71	92.50
4144	85.24	91.86
4145	85.71	92.52
4146	86.15	92.33
4147	85.56	92.33
4148	85.76	92.50
4149	85.68	92.24
4150	85.97	92.44
4151	85.65	91.89
4152	85.62	91.80
4153	85.65	92.41
4154	85.35	92.56
4155	85.82	91.74
4156	85.79	92.38
4157	85.79	92.44
4158	85.65	92.35
4159	86.15	92.41
4160	85.76	92.50
4161	85.47	91.58
4162	85.62	92.48
4163	85.74	92.42
4164	85.50	91.58
4165	85.41	92.47
4166	85.97	92.58
4167	86.06	92.55
4168	85.59	91.85
4169	85.88	92.52
4170	86.12	92.29
4171	85.97	91.70
4172	86.00	92.68
4173	85.59	91.86
4174	86.24	92.38
4175	85.47	91.88
4176	85.88	92.82
4177	85.88	92.64
4178	86.03	91.83
4179	85.85	92.52
4180	85.97	92.61
4181	85.41	91.55
4182	85.65	92.18
4183	85.85	91.24
4184	85.32	92.35
4185	85.65	92.18
4186	85.62	92.45
4187	85.94	92.62
4188	85.59	92.02
4189	85.74	92.36
4190	85.79	91.82
4191	86.26	92.32
4192	85.82	92.52
4193	85.35	91.95
4194	85.85	92.35
4195	86.18	92.26
4196	85.47	91.82
4197	86.12	92.32
4198	85.56	91.85
4199	85.50	92.29
4200	85.62	91.91
4201	85.62	92.58
4202	85.35	92.05
4203	85.71	92.41
4204	85.47	91.50
4205	85.38	92.47
4206	85.50	91.86
4207	85.32	92.17
4208	85.97	92.48
4209	86.00	92.20
4210	85.97	92.53
4211	85.91	92.00
4212	85.76	91.56
4213	85.65	91.80
4214	85.65	91.91
4215	85.44	91.70
4216	85.68	92.30
4217	86.00	92.03
4218	85.91	92.30
4219	85.68	91.59
4220	85.44	92.03
4221	86.00	91.86
4222	85.59	91.47
4223	85.82	92.41
4224	85.59	91.65
4225	86.06	92.45
4226	85.26	91.94
4227	85.53	91.74
4228	85.74	92.03
4229	85.85	92.35
4230	85.88	92.32
4231	85.76	91.88
4232	85.62	91.68
4233	85.56	92.20
4234	86.00	92.38
4235	85.94	92.14
4236	85.82	92.55
4237	85.91	92.45
4238	85.79	91.50
4239	85.65	92.20
4240	86.06	92.05
4241	85.76	92.45
4242	85.85	92.24
4243	85.62	92.14
4244	85.26	91.64
4245	85.41	91.56
4246	85.62	91.95
4247	85.65	91.29
4248	85.59	91.86
4249	85.50	91.85
4250	85.79	92.15
4251	85.44	91.70
4252	85.85	92.20
4253	85.85	92.21
4254	85.53	91.50
4255	85.76	92.48
4256	85.79	92.30
4257	85.74	92.53
4258	85.74	91.76
4259	85.79	92.21
4260	85.85	92.18
4261	85.76	92.12
4262	85.85	92.05
4263	85.97	92.21
4264	85.76	92.05
4265	85.76	91.35
4266	86.32	92.15
4267	86.00	91.92
4268	85.68	92.24
4269	86.18	92.26
4270	86.00	92.14
4271	85.65	92.30
4272	85.71	92.29
4273	85.47	91.91
4274	85.88	91.61
4275	85.79	92.21
4276	85.94	92.27
4277	85.62	91.47
4278	86.03	92.18
4279	86.09	92.27
4280	85.91	92.29
4281	85.97	92.41
4282	86.00	92.32
4283	86.32	92.11
4284	86.03	92.30
4285	85.71	91.50
4286	86.00	92.41
4287	86.06	92.36
4288	85.85	91.65
4289	85.97	92.38
4290	85.91	91.88
4291	86.15	92.42
4292	86.06	91.70
4293	85.94	92.06
4294	85.91	92.50
4295	85.94	92.12
4296	86.18	91.71
4297	85.62	92.45
4298	86.12	92.41
4299	85.74	92.09
4300	85.71	91.65
4301	85.94	92.39
4302	85.32	91.32
4303	85.71	92.24
4304	85.85	92.36
4305	85.82	91.65
4306	85.68	92.06
4307	85.88	92.64
4308	85.85	91.55
4309	85.88	92.36
4310	85.88	91.74
4311	86.03	92.27
4312	86.03	92.17
4313	85.94	91.52
4314	85.94	92.00
4315	86.09	92.24
4316	85.88	91.73
4317	85.62	92.02
4318	85.50	91.48
4319	85.74	92.06
4320	85.91	92.36
4321	85.97	92.15
4322	85.91	91.24
4323	86.03	92.12
4324	85.97	91.98
4325	85.79	92.08
4326	85.47	91.92
4327	85.47	91.56
4328	85.50	91.91
4329	85.62	91.77
4330	86.00	91.91
4331	85.47	91.97
4332	85.85	92.20
4333	85.18	91.45
4334	85.79	92.02
4335	86.03	92.53
4336	85.24	91.11
4337	85.38	91.95
4338	85.76	91.48
4339	85.65	92.29
4340	85.68	92.24
4341	85.94	91.52
4342	85.18	91.12
4343	85.94	91.92
4344	86.15	92.32
4345	85.94	91.42
4346	86.18	92.61
4347	85.88	92.45
4348	85.88	92.29
4349	85.94	92.58
4350	86.38	91.95
4351	85.68	91.56
4352	85.79	92.35
4353	85.91	92.47
4354	85.62	91.39
4355	85.82	92.55
4356	85.59	91.82
4357	86.03	91.91
4358	85.82	91.94
4359	85.88	92.38
4360	85.97	92.55
4361	85.88	92.11
4362	86.06	92.50
4363	85.50	91.61
4364	85.85	92.38
4365	85.82	92.20
4366	85.85	91.65
4367	85.35	92.08
4368	85.97	92.45
4369	85.76	92.33
4370	85.71	91.70
4371	85.79	91.53
4372	86.06	92.03
4373	85.97	92.24
4374	85.76	91.94
4375	85.79	92.45
4376	86.24	92.24
4377	85.50	91.15
4378	85.53	91.58
4379	85.71	92.17
4380	86.09	92.35
4381	86.18	92.05
4382	85.79	91.95
4383	85.85	92.17
4384	86.00	92.15
4385	85.91	91.14
4386	85.94	92.09
4387	86.15	92.41
4388	86.09	92.44
4389	86.32	92.23
4390	86.26	92.20
4391	85.53	91.45
4392	86.24	91.91
4393	85.91	92.21
4394	85.71	91.85
4395	85.97	91.82
4396	85.79	92.33
4397	86.06	92.23
4398	85.53	91.98
4399	86.12	92.53
4400	86.47	92.15
4401	85.85	92.29
4402	85.44	92.17
4403	86.00	91.92
4404	86.12	92.55
4405	85.71	91.97
4406	85.85	92.14
4407	86.09	91.52
4408	85.76	91.59
4409	85.15	91.20
4410	85.85	92.45
4411	85.85	91.55
4412	85.50	92.00
4413	85.91	91.50
4414	85.82	92.06
4415	86.15	92.17
4416	86.06	91.86
4417	86.00	92.36
4418	86.00	91.52
4419	85.88	92.12
4420	85.91	91.58
4421	86.24	92.45
4422	86.24	92.14
4423	85.97	92.29
4424	86.35	92.17
4425	85.62	91.71
4426	86.29	92.36
4427	86.21	92.27
4428	85.94	92.21
4429	86.09	92.48
4430	86.21	92.08
4431	86.24	91.86
4432	85.71	91.89
4433	86.21	92.05
4434	86.15	92.30
4435	86.00	92.29
4436	86.18	92.62
4437	86.32	91.85
4438	86.00	91.64
4439	86.21	92.53
4440	86.21	92.53
4441	86.12	91.98
4442	86.15	91.32
4443	86.03	92.26
4444	86.21	91.95
4445	85.71	91.89
4446	85.85	92.21
4447	86.24	91.48
4448	86.12	91.89
4449	85.88	92.36
4450	85.71	92.09
4451	85.88	91.64
4452	85.82	91.70
4453	85.88	92.24
4454	85.85	91.89
4455	85.71	92.26
4456	85.79	92.17
4457	85.82	91.83
4458	86.24	92.33
4459	85.50	92.00
4460	85.88	91.45
4461	85.88	92.41
4462	86.24	91.79
4463	86.18	92.42
4464	85.91	91.94
4465	86.03	91.86
4466	85.41	91.47
4467	86.21	92.20
4468	86.12	92.35
4469	86.53	92.32
4470	86.03	92.39
4471	86.35	92.42
4472	86.03	92.23
4473	86.32	91.71
4474	86.09	92.53
4475	86.06	91.79
4476	86.50	92.02
4477	86.35	92.23
4478	85.88	92.27
4479	85.71	91.74
4480	85.88	91.94
4481	85.71	91.47
4482	85.76	91.85
4483	85.88	91.61
4484	86.15	92.56
4485	85.97	92.55
4486	86.26	92.18
4487	85.79	92.12
4488	85.94	92.41
4489	85.12	91.80
4490	85.44	91.45
4491	86.21	92.52
4492	86.29	91.98
4493	85.88	92.38
4494	85.74	91.56
4495	86.09	92.29
4496	85.94	92.44
4497	86.26	92.29
4498	85.65	91.98
4499	85.97	92.21
4500	86.00	92.15
4501	86.18	91.64
4502	85.97	92.26
4503	85.59	91.92
4504	85.85	91.64
4505	85.97	92.27
4506	85.88	92.24
4507	85.79	91.58
4508	85.50	91.41
4509	85.94	92.20
4510	86.15	92.58
4511	85.97	91.08
4512	85.85	92.38
4513	85.74	91.70
4514	86.09	92.21
4515	85.97	92.35
4516	85.74	92.35
4517	85.74	91.62
4518	85.79	92.29
4519	85.97	92.36
4520	85.88	92.56
4521	85.71	91.35
4522	85.82	92.24
4523	85.97	92.23
4524	85.47	91.44
4525	85.82	92.27
4526	85.32	91.68
4527	85.91	92.14
4528	85.97	91.80
4529	85.88	91.73
4530	85.88	92.29
4531	85.68	91.80
4532	85.91	92.36
4533	85.74	92.39
4534	85.91	92.26
4535	85.91	92.15
4536	85.91	92.11
4537	85.68	91.92
4538	85.62	92.05
4539	85.97	92.47
4540	85.91	92.23
4541	85.56	92.00
4542	85.88	92.29
4543	85.44	91.29
4544	85.79	91.58
4545	85.76	91.62
4546	85.85	92.08
4547	85.85	92.15
4548	85.50	92.26
4549	85.50	91.82
4550	85.65	92.32
4551	86.06	92.15
4552	86.00	91.91
4553	86.21	92.17
4554	85.85	92.32
4555	85.88	92.08
4556	86.12	91.94
4557	85.44	91.08
4558	85.82	92.20
4559	85.59	91.58
4560	85.53	92.05
4561	85.24	91.24
4562	85.88	92.35
4563	85.85	92.38
4564	86.15	92.59
4565	85.85	92.08
4566	85.71	92.03
4567	85.91	92.17
4568	85.62	92.44
4569	85.88	91.74
4570	85.94	92.11
4571	85.59	91.92
4572	85.65	92.14
4573	85.76	91.59
4574	85.85	92.38
4575	85.62	91.56
4576	85.97	92.26
4577	85.94	92.32
4578	86.12	91.77
4579	85.88	91.80
4580	85.85	92.17
4581	85.71	91.98
4582	85.88	92.06
4583	85.82	92.39
4584	85.94	92.35
4585	86.03	92.09
4586	85.88	92.35
4587	85.79	91.20
4588	85.74	92.32
4589	85.44	92.05
4590	85.65	92.21
4591	86.18	92.09
4592	86.21	91.82
4593	86.21	91.68
4594	86.15	92.18
4595	85.91	91.64
4596	85.91	92.39
4597	86.00	92.50
4598	86.18	91.92
4599	85.91	92.03
4600	85.82	92.24
4601	85.35	91.39
4602	85.88	92.44
4603	85.56	92.09
4604	85.38	91.61
4605	85.88	92.41
4606	85.97	91.85
4607	85.76	92.09
4608	85.56	92.15
4609	85.68	91.91
4610	86.21	91.82
4611	86.09	92.14
4612	85.65	92.18
4613	85.79	92.30
4614	86.06	92.52
4615	85.38	91.79
4616	85.38	91.48
4617	85.62	91.97
4618	85.94	92.06
4619	85.53	91.95
4620	85.94	91.85
4621	86.00	92.30
4622	86.26	92.03
4623	86.32	92.29
4624	85.94	92.53
4625	85.71	91.82
4626	86.50	92.24
4627	86.26	92.26
4628	86.21	92.39
4629	86.24	92.21
4630	85.79	92.26
4631	86.09	92.35
4632	85.85	91.86
4633	86.12	92.33
4634	86.44	92.17
4635	85.91	92.23
4636	86.24	92.27
4637	86.15	92.52
4638	85.91	91.67
4639	86.00	92.27
4640	86.18	92.30
4641	86.09	92.52
4642	86.18	92.50
4643	86.21	92.29
4644	85.91	92.27
4645	86.09	91.88
4646	85.56	92.21
4647	85.76	91.86
4648	86.00	92.52
4649	86.24	92.48
4650	86.21	92.30
4651	85.97	92.47
4652	85.88	91.91
4653	86.09	92.47
4654	86.24	92.26
4655	85.94	91.55
4656	85.82	91.42
4657	85.76	92.35
4658	86.15	92.38
4659	86.21	92.52
4660	85.88	92.41
4661	86.15	92.11
4662	86.12	92.64
4663	86.12	92.05
4664	86.00	92.30
4665	86.38	92.38
4666	86.12	92.42
4667	85.88	92.41
4668	86.06	92.29
4669	85.88	92.58
4670	86.12	92.47
4671	86.03	91.73
4672	86.18	92.30
4673	86.29	92.30
4674	85.85	92.14
4675	86.50	92.33
4676	85.88	92.15
4677	86.44	92.21
4678	86.15	92.21
4679	85.65	92.05
4680	86.00	92.32
4681	85.59	92.30
4682	85.88	92.44
4683	85.79	91.89
4684	86.12	92.41
4685	86.06	92.15
4686	86.09	92.26
4687	85.79	91.74
4688	86.21	92.42
4689	85.88	92.38
4690	85.71	92.39
4691	85.59	92.24
4692	86.03	92.15
4693	85.59	92.35
4694	85.62	91.76
4695	86.03	92.52
4696	85.65	92.42
4697	85.91	91.82
4698	86.03	92.32
4699	86.03	92.05
4700	86.12	92.26
4701	85.97	92.35
4702	85.97	92.33
4703	85.91	92.29
4704	86.15	92.33
4705	85.82	91.79
4706	86.00	92.35
4707	85.76	91.98
4708	85.91	92.12
4709	86.18	92.62
4710	85.88	91.70
4711	85.65	92.29
4712	85.88	91.82
4713	85.85	92.08
4714	85.82	91.67
4715	85.88	92.09
4716	85.44	91.47
4717	86.00	92.23
4718	85.65	91.82
4719	86.32	92.35
4720	85.88	92.42
4721	86.03	92.32
4722	86.03	92.33
4723	85.94	92.33
4724	85.76	91.68
4725	86.06	92.47
4726	86.21	92.41
4727	85.41	92.08
4728	85.76	92.12
4729	85.76	91.73
4730	85.94	91.59
4731	85.74	91.58
4732	85.29	91.44
4733	86.09	92.09
4734	85.79	91.77
4735	85.88	92.15
4736	85.68	91.88
4737	86.03	92.39
4738	85.74	91.76
4739	86.06	92.12
4740	85.94	92.24
4741	85.91	91.74
4742	85.62	92.06
4743	86.00	92.18
4744	86.00	92.27
4745	85.50	91.47
4746	85.94	92.09
4747	85.76	92.14
4748	86.12	92.15
4749	86.18	92.06
4750	85.71	92.21
4751	86.06	92.33
4752	86.03	92.41
4753	86.21	92.14
4754	85.97	92.44
4755	86.26	92.20
4756	86.00	92.36
4757	86.12	92.44
4758	86.06	92.23
4759	85.88	92.14
4760	85.85	92.52
4761	85.53	91.79
4762	86.06	92.24
4763	85.88	92.17
4764	85.79	92.55
4765	86.09	92.03
4766	86.38	92.48
4767	85.82	92.53
4768	86.18	92.18
4769	85.85	92.44
4770	85.88	92.47
4771	85.47	92.36
4772	85.91	92.32
4773	85.94	91.73
4774	85.79	92.18
4775	85.97	91.98
4776	85.71	92.08
4777	86.12	92.53
4778	85.41	91.59
4779	86.18	92.36
4780	85.65	91.98
4781	85.29	91.67
4782	85.94	92.39
4783	85.88	91.89
4784	86.09	92.48
4785	85.71	91.29
4786	86.06	92.20
4787	86.12	92.09
4788	85.88	92.55
4789	86.15	92.45
4790	85.82	92.42
4791	86.21	92.30
4792	85.50	91.71
4793	86.06	92.50
4794	86.06	92.02
4795	86.15	92.55
4796	85.88	91.85
4797	86.06	92.17
4798	86.18	92.62
4799	85.97	92.58
4800	85.94	92.29
4801	85.82	92.41
4802	85.65	91.98
4803	85.79	92.30
4804	86.06	92.44
4805	86.03	92.62
4806	86.50	92.59
4807	86.03	92.41
4808	86.06	92.29
4809	86.12	92.67
4810	86.15	92.47
4811	86.03	92.32
4812	86.03	92.44
4813	86.24	92.32
4814	85.88	92.42
4815	85.85	91.41
4816	86.03	92.39
4817	86.06	92.39
4818	85.56	91.77
4819	85.82	92.20
4820	86.29	92.18
4821	85.65	92.03
4822	85.97	92.48
4823	85.94	92.56
4824	86.09	92.55
4825	86.21	92.53
4826	85.79	92.20
4827	85.91	92.32
4828	85.65	92.14
4829	85.91	92.23
4830	85.82	91.86
4831	86.09	92.32
4832	85.88	92.48
4833	85.68	91.39
4834	86.00	92.15
4835	85.74	92.18
4836	85.97	91.98
4837	85.94	92.14
4838	85.71	92.26
4839	85.88	92.08
4840	85.88	92.36
4841	86.12	91.70
4842	86.09	92.29
4843	86.29	92.59
4844	85.76	92.39
4845	86.18	92.39
4846	86.03	92.35
4847	86.15	92.33
4848	85.44	91.71
4849	85.94	92.05
4850	85.94	92.09
4851	85.85	91.89
4852	85.85	92.35
4853	85.74	92.11
4854	85.94	92.26
4855	85.76	91.83
4856	86.03	92.48
4857	85.91	92.29
4858	85.91	92.23
4859	85.88	92.18
4860	86.06	92.53
4861	86.32	92.09
4862	86.09	92.55
4863	85.97	92.20
4864	85.65	91.56
4865	85.53	91.92
4866	86.06	92.42
4867	86.09	92.35
4868	86.09	92.35
4869	85.94	92.56
4870	86.03	92.06
4871	86.15	92.55
4872	85.62	90.92
4873	85.79	92.11
4874	86.24	92.30
4875	85.53	91.18
4876	85.35	91.85
4877	85.76	92.12
4878	85.97	92.14
4879	85.62	92.11
4880	86.15	92.32
4881	85.74	92.14
4882	85.59	91.62
4883	85.21	91.83
4884	86.00	92.12
4885	86.29	92.24
4886	85.88	92.39
4887	86.06	92.35
4888	85.62	92.02
4889	86.15	92.35
4890	85.85	92.21
4891	86.21	92.44
4892	86.26	92.18
4893	85.97	92.53
4894	86.26	92.41
4895	86.06	92.29
4896	86.03	92.24
4897	85.74	92.17
4898	86.03	92.12
4899	86.09	92.53
4900	86.26	92.39
4901	85.91	92.33
4902	86.12	91.94
4903	85.71	92.20
4904	86.06	92.29
4905	86.21	92.45
4906	85.85	92.21
4907	86.12	92.36
4908	85.65	92.21
4909	85.65	91.71
4910	85.44	92.30
4911	85.76	92.36
4912	86.00	92.11
4913	86.06	92.41
4914	86.03	92.21
4915	86.32	92.58
4916	86.41	92.45
4917	86.32	92.29
4918	85.94	92.39
4919	86.15	92.35
4920	85.79	92.11
4921	86.26	92.00
4922	85.53	92.15
4923	86.09	92.02
4924	86.00	92.36
4925	85.91	92.50
4926	86.38	92.21
4927	85.91	92.29
4928	86.24	92.62
4929	85.82	92.52
4930	85.91	92.38
4931	85.94	92.27
4932	85.97	92.53
4933	85.97	92.62
4934	86.09	92.52
4935	85.76	92.42
4936	86.24	92.09
4937	86.29	92.58
4938	86.03	92.45
4939	85.62	92.33
4940	85.97	92.23
4941	86.18	92.33
4942	86.06	92.39
4943	86.41	92.35
4944	86.18	92.53
4945	86.18	91.82
4946	86.03	92.44
4947	85.94	92.08
4948	86.06	92.50
4949	86.03	92.00
4950	86.09	92.03
4951	85.85	92.39
4952	86.00	92.11
4953	86.06	92.23
4954	86.47	92.11
4955	86.38	92.39
4956	86.35	92.32
4957	86.26	92.26
4958	85.91	92.08
4959	85.79	92.09
4960	86.24	92.32
4961	85.97	92.29
4962	86.38	92.38
4963	85.79	91.94
4964	85.97	92.62
4965	85.91	92.35
4966	85.65	92.52
4967	85.79	91.83
4968	86.15	92.52
4969	86.09	92.12
4970	85.71	92.32
4971	86.21	92.29
4972	86.47	92.55
4973	85.94	92.44
4974	86.24	92.65
4975	86.41	92.55
4976	86.12	92.61
4977	85.94	92.58
4978	86.18	92.26
4979	86.03	92.23
4980	85.94	92.62
4981	86.26	91.70
4982	86.21	91.85
4983	85.41	91.83
4984	85.79	91.94
4985	85.97	91.59
4986	85.88	92.32
4987	85.94	92.14
4988	85.82	91.88
4989	85.76	92.29
4990	85.82	92.33
4991	85.82	92.39
4992	85.97	92.14
4993	85.53	92.24
4994	85.85	91.70
4995	86.00	92.53
4996	85.65	92.20
4997	85.41	91.77
4998	86.00	92.00
4999	86.09	92.30
5000	85.88	92.09
