1	87.27	90.87
2	92.07	96.57
3	92.80	99.14
4	92.62	99.52
5	92.07	99.90
6	92.99	99.90
7	92.80	99.90
8	92.62	99.90
9	92.62	99.90
10	92.44	100.00
11	92.44	100.00
12	92.44	100.00
13	92.25	100.00
14	92.25	100.00
15	92.25	100.00
16	92.25	100.00
17	92.44	100.00
18	92.44	100.00
19	92.44	100.00
20	92.44	100.00
21	92.44	100.00
22	92.44	100.00
23	92.44	100.00
24	92.44	100.00
25	92.44	100.00
26	92.44	100.00
27	92.44	100.00
28	92.44	100.00
29	92.44	100.00
30	92.44	100.00
31	92.44	100.00
32	92.44	100.00
33	92.44	100.00
34	92.44	100.00
35	92.44	100.00
36	92.44	100.00
37	92.44	100.00
38	92.44	100.00
39	92.44	100.00
40	92.44	100.00
41	92.44	100.00
42	92.44	100.00
43	92.44	100.00
44	92.44	100.00
45	92.44	100.00
46	92.44	100.00
47	92.44	100.00
48	92.44	100.00
49	92.44	100.00
50	92.44	100.00
51	92.44	100.00
52	92.44	100.00
53	92.44	100.00
54	92.44	100.00
55	92.44	100.00
56	92.44	100.00
57	92.44	100.00
58	92.44	100.00
59	92.44	100.00
60	92.25	100.00
61	92.25	100.00
62	92.25	100.00
63	92.25	100.00
64	92.25	100.00
65	92.25	100.00
66	92.25	100.00
67	92.25	100.00
68	92.25	100.00
69	92.25	100.00
70	92.25	100.00
71	92.25	100.00
72	92.25	100.00
73	92.25	100.00
74	92.25	100.00
75	92.25	100.00
76	92.25	100.00
77	92.25	100.00
78	92.25	100.00
79	92.25	100.00
80	92.25	100.00
81	92.25	100.00
82	92.25	100.00
83	92.25	100.00
84	92.25	100.00
85	92.25	100.00
86	92.25	100.00
87	92.25	100.00
88	92.25	100.00
89	92.25	100.00
90	92.25	100.00
91	92.25	100.00
92	92.25	100.00
93	92.25	100.00
94	92.25	100.00
95	92.25	100.00
96	92.25	100.00
97	92.25	100.00
98	92.25	100.00
99	92.25	100.00
100	92.25	100.00
101	92.25	100.00
102	92.25	100.00
103	92.25	100.00
104	92.25	100.00
105	92.25	100.00
106	92.25	100.00
107	92.25	100.00
108	92.25	100.00
109	92.25	100.00
110	92.25	100.00
111	92.25	100.00
112	92.25	100.00
113	92.25	100.00
114	92.25	100.00
115	92.25	100.00
116	92.25	100.00
117	92.25	100.00
118	92.25	100.00
119	92.25	100.00
120	92.25	100.00
121	92.25	100.00
122	92.25	100.00
123	92.25	100.00
124	92.25	100.00
125	92.25	100.00
126	92.25	100.00
127	92.25	100.00
128	92.25	100.00
129	92.25	100.00
130	92.25	100.00
131	92.25	100.00
132	92.25	100.00
133	92.25	100.00
134	92.25	100.00
135	92.25	100.00
136	92.25	100.00
137	92.25	100.00
138	92.25	100.00
139	92.25	100.00
140	92.25	100.00
141	92.25	100.00
142	92.25	100.00
143	92.25	100.00
144	92.25	100.00
145	92.25	100.00
146	92.25	100.00
147	92.25	100.00
148	92.25	100.00
149	92.25	100.00
150	92.25	100.00
151	92.25	100.00
152	92.25	100.00
153	92.25	100.00
154	92.25	100.00
155	92.25	100.00
156	92.25	100.00
157	92.25	100.00
158	92.25	100.00
159	92.25	100.00
160	92.25	100.00
161	92.25	100.00
162	92.25	100.00
163	92.25	100.00
164	92.25	100.00
165	92.25	100.00
166	92.25	100.00
167	92.25	100.00
168	92.25	100.00
169	92.25	100.00
170	92.25	100.00
171	92.25	100.00
172	92.25	100.00
173	92.25	100.00
174	92.25	100.00
175	92.25	100.00
176	92.25	100.00
177	92.25	100.00
178	92.25	100.00
179	92.25	100.00
180	92.25	100.00
181	92.25	100.00
182	92.25	100.00
183	92.25	100.00
184	92.25	100.00
185	92.25	100.00
186	92.25	100.00
187	92.25	100.00
188	92.25	100.00
189	92.25	100.00
190	92.25	100.00
191	92.25	100.00
192	92.25	100.00
193	92.25	100.00
194	92.25	100.00
195	92.25	100.00
196	92.25	100.00
197	92.25	100.00
198	92.25	100.00
199	92.25	100.00
200	92.25	100.00
201	92.25	100.00
202	92.25	100.00
203	92.25	100.00
204	92.25	100.00
205	92.25	100.00
206	92.25	100.00
207	92.25	100.00
208	92.25	100.00
209	92.25	100.00
210	92.25	100.00
211	92.25	100.00
212	92.25	100.00
213	92.25	100.00
214	92.25	100.00
215	92.25	100.00
216	92.25	100.00
217	92.25	100.00
218	92.25	100.00
219	92.25	100.00
220	92.25	100.00
221	92.25	100.00
222	92.25	100.00
223	92.25	100.00
224	92.25	100.00
225	92.25	100.00
226	92.25	100.00
227	92.25	100.00
228	92.25	100.00
229	92.25	100.00
230	92.25	100.00
231	92.25	100.00
232	92.25	100.00
233	92.25	100.00
234	92.25	100.00
235	92.25	100.00
236	92.25	100.00
237	92.25	100.00
238	92.25	100.00
239	92.25	100.00
240	92.25	100.00
241	92.25	100.00
242	92.25	100.00
243	92.25	100.00
244	92.25	100.00
245	92.25	100.00
246	92.25	100.00
247	92.25	100.00
248	92.25	100.00
249	92.25	100.00
250	92.25	100.00
251	92.25	100.00
252	92.25	100.00
253	92.25	100.00
254	92.25	100.00
255	92.25	100.00
256	92.25	100.00
257	92.25	100.00
258	92.25	100.00
259	92.25	100.00
260	92.25	100.00
261	92.25	100.00
262	92.25	100.00
263	92.25	100.00
264	92.25	100.00
265	92.25	100.00
266	92.25	100.00
267	92.25	100.00
268	92.25	100.00
269	92.25	100.00
270	92.25	100.00
271	92.25	100.00
272	92.25	100.00
273	92.25	100.00
274	92.25	100.00
275	92.25	100.00
276	92.25	100.00
277	92.25	100.00
278	92.25	100.00
279	92.25	100.00
280	92.25	100.00
281	92.25	100.00
282	92.25	100.00
283	92.25	100.00
284	92.25	100.00
285	92.25	100.00
286	92.25	100.00
287	92.25	100.00
288	92.25	100.00
289	92.25	100.00
290	92.25	100.00
291	92.25	100.00
292	92.25	100.00
293	92.25	100.00
294	92.25	100.00
295	92.25	100.00
296	92.25	100.00
297	92.25	100.00
298	92.25	100.00
299	92.25	100.00
300	92.25	100.00
301	92.25	100.00
302	92.25	100.00
303	92.25	100.00
304	92.25	100.00
305	92.25	100.00
306	92.25	100.00
307	92.25	100.00
308	92.25	100.00
309	92.25	100.00
310	92.25	100.00
311	92.07	100.00
312	92.07	100.00
313	92.07	100.00
314	92.07	100.00
315	92.07	100.00
316	92.07	100.00
317	92.07	100.00
318	92.07	100.00
319	92.07	100.00
320	92.07	100.00
321	92.07	100.00
322	92.07	100.00
323	92.07	100.00
324	92.07	100.00
325	92.07	100.00
326	92.07	100.00
327	92.07	100.00
328	92.07	100.00
329	92.07	100.00
330	92.07	100.00
331	92.07	100.00
332	92.07	100.00
333	92.07	100.00
334	92.07	100.00
335	92.07	100.00
336	92.07	100.00
337	92.07	100.00
338	92.07	100.00
339	92.07	100.00
340	92.07	100.00
341	92.07	100.00
342	92.07	100.00
343	92.07	100.00
344	92.07	100.00
345	92.07	100.00
346	92.07	100.00
347	92.07	100.00
348	92.07	100.00
349	92.07	100.00
350	92.07	100.00
351	92.07	100.00
352	92.07	100.00
353	92.07	100.00
354	92.07	100.00
355	92.07	100.00
356	92.07	100.00
357	92.07	100.00
358	92.07	100.00
359	92.07	100.00
360	92.07	100.00
361	92.07	100.00
362	92.07	100.00
363	92.07	100.00
364	92.07	100.00
365	92.07	100.00
366	92.07	100.00
367	92.07	100.00
368	92.07	100.00
369	92.07	100.00
370	92.07	100.00
371	92.07	100.00
372	92.07	100.00
373	92.07	100.00
374	92.07	100.00
375	92.07	100.00
376	92.07	100.00
377	92.07	100.00
378	92.07	100.00
379	92.07	100.00
380	92.07	100.00
381	92.07	100.00
382	92.07	100.00
383	92.07	100.00
384	92.07	100.00
385	92.07	100.00
386	92.07	100.00
387	92.07	100.00
388	92.07	100.00
389	92.07	100.00
390	92.07	100.00
391	92.07	100.00
392	92.07	100.00
393	92.07	100.00
394	92.07	100.00
395	92.07	100.00
396	92.07	100.00
397	92.07	100.00
398	92.07	100.00
399	92.07	100.00
400	92.07	100.00
401	92.07	100.00
402	92.07	100.00
403	92.07	100.00
404	92.07	100.00
405	92.07	100.00
406	92.07	100.00
407	92.07	100.00
408	92.07	100.00
409	92.07	100.00
410	92.07	100.00
411	92.07	100.00
412	92.07	100.00
413	92.07	100.00
414	92.07	100.00
415	92.07	100.00
416	92.07	100.00
417	92.07	100.00
418	92.07	100.00
419	92.07	100.00
420	92.07	100.00
421	92.07	100.00
422	92.07	100.00
423	92.07	100.00
424	92.07	100.00
425	92.07	100.00
426	92.07	100.00
427	92.07	100.00
428	92.07	100.00
429	92.07	100.00
430	92.07	100.00
431	92.07	100.00
432	92.07	100.00
433	92.07	100.00
434	92.07	100.00
435	92.07	100.00
436	92.07	100.00
437	92.07	100.00
438	92.07	100.00
439	92.07	100.00
440	92.07	100.00
441	92.07	100.00
442	92.07	100.00
443	92.07	100.00
444	92.07	100.00
445	92.07	100.00
446	92.07	100.00
447	92.07	100.00
448	92.07	100.00
449	92.07	100.00
450	92.07	100.00
451	92.07	100.00
452	92.07	100.00
453	92.07	100.00
454	92.07	100.00
455	92.07	100.00
456	92.07	100.00
457	92.07	100.00
458	92.07	100.00
459	92.07	100.00
460	92.07	100.00
461	92.07	100.00
462	92.07	100.00
463	92.07	100.00
464	92.07	100.00
465	92.07	100.00
466	92.07	100.00
467	92.07	100.00
468	92.07	100.00
469	92.07	100.00
470	92.07	100.00
471	92.07	100.00
472	92.07	100.00
473	92.07	100.00
474	92.07	100.00
475	92.07	100.00
476	92.07	100.00
477	92.07	100.00
478	92.07	100.00
479	92.07	100.00
480	92.07	100.00
481	92.07	100.00
482	92.07	100.00
483	92.07	100.00
484	92.07	100.00
485	92.07	100.00
486	92.07	100.00
487	92.07	100.00
488	92.07	100.00
489	92.07	100.00
490	92.07	100.00
491	92.07	100.00
492	92.07	100.00
493	92.07	100.00
494	92.07	100.00
495	92.07	100.00
496	92.07	100.00
497	92.07	100.00
498	92.07	100.00
499	92.07	100.00
500	92.07	100.00
501	92.07	100.00
502	92.07	100.00
503	92.07	100.00
504	92.07	100.00
505	92.07	100.00
506	92.07	100.00
507	92.07	100.00
508	92.07	100.00
509	92.07	100.00
510	92.07	100.00
511	92.07	100.00
512	92.07	100.00
513	92.07	100.00
514	92.07	100.00
515	92.07	100.00
516	92.07	100.00
517	92.07	100.00
518	92.07	100.00
519	92.07	100.00
520	92.07	100.00
521	92.07	100.00
522	92.07	100.00
523	92.07	100.00
524	92.07	100.00
525	92.07	100.00
526	92.07	100.00
527	92.07	100.00
528	92.07	100.00
529	92.07	100.00
530	92.07	100.00
531	92.07	100.00
532	92.07	100.00
533	92.07	100.00
534	92.07	100.00
535	92.07	100.00
536	92.07	100.00
537	92.07	100.00
538	92.07	100.00
539	92.07	100.00
540	92.07	100.00
541	92.07	100.00
542	92.07	100.00
543	92.07	100.00
544	92.07	100.00
545	92.07	100.00
546	92.07	100.00
547	92.07	100.00
548	92.07	100.00
549	92.07	100.00
550	92.07	100.00
551	92.07	100.00
552	92.07	100.00
553	92.07	100.00
554	92.07	100.00
555	92.07	100.00
556	92.07	100.00
557	92.07	100.00
558	92.07	100.00
559	92.07	100.00
560	92.07	100.00
561	92.07	100.00
562	92.07	100.00
563	92.07	100.00
564	92.07	100.00
565	92.07	100.00
566	92.07	100.00
567	92.07	100.00
568	92.07	100.00
569	92.07	100.00
570	92.07	100.00
571	92.07	100.00
572	92.07	100.00
573	92.07	100.00
574	92.07	100.00
575	92.07	100.00
576	92.07	100.00
577	92.07	100.00
578	92.07	100.00
579	92.07	100.00
580	92.07	100.00
581	92.07	100.00
582	92.07	100.00
583	92.07	100.00
584	92.07	100.00
585	92.07	100.00
586	92.07	100.00
587	92.07	100.00
588	92.07	100.00
589	92.07	100.00
590	92.07	100.00
591	92.07	100.00
592	92.07	100.00
593	92.07	100.00
594	92.07	100.00
595	92.07	100.00
596	92.07	100.00
597	92.07	100.00
598	92.07	100.00
599	92.07	100.00
600	92.07	100.00
601	92.07	100.00
602	92.07	100.00
603	92.07	100.00
604	92.07	100.00
605	92.07	100.00
606	92.07	100.00
607	92.07	100.00
608	92.07	100.00
609	92.07	100.00
610	92.07	100.00
611	92.07	100.00
612	92.07	100.00
613	92.07	100.00
614	92.07	100.00
615	92.07	100.00
616	92.07	100.00
617	92.07	100.00
618	92.07	100.00
619	92.07	100.00
620	92.07	100.00
621	92.07	100.00
622	92.07	100.00
623	92.07	100.00
624	92.07	100.00
625	92.07	100.00
626	92.07	100.00
627	92.07	100.00
628	92.07	100.00
629	92.07	100.00
630	92.07	100.00
631	92.07	100.00
632	92.07	100.00
633	92.07	100.00
634	92.07	100.00
635	92.07	100.00
636	92.07	100.00
637	92.07	100.00
638	92.07	100.00
639	92.07	100.00
640	92.07	100.00
641	92.07	100.00
642	92.07	100.00
643	92.07	100.00
644	92.07	100.00
645	92.07	100.00
646	92.07	100.00
647	92.07	100.00
648	92.07	100.00
649	92.07	100.00
650	92.07	100.00
651	92.07	100.00
652	92.07	100.00
653	92.07	100.00
654	92.07	100.00
655	92.07	100.00
656	92.07	100.00
657	92.07	100.00
658	92.07	100.00
659	92.07	100.00
660	92.07	100.00
661	92.07	100.00
662	92.07	100.00
663	92.07	100.00
664	92.07	100.00
665	92.07	100.00
666	92.07	100.00
667	92.07	100.00
668	92.07	100.00
669	92.07	100.00
670	92.07	100.00
671	92.07	100.00
672	92.07	100.00
673	92.07	100.00
674	92.07	100.00
675	92.07	100.00
676	92.07	100.00
677	92.07	100.00
678	92.07	100.00
679	92.07	100.00
680	92.07	100.00
681	92.07	100.00
682	92.07	100.00
683	92.07	100.00
684	92.07	100.00
685	92.07	100.00
686	92.07	100.00
687	92.07	100.00
688	92.07	100.00
689	92.07	100.00
690	92.07	100.00
691	92.07	100.00
692	92.07	100.00
693	92.07	100.00
694	92.07	100.00
695	92.25	100.00
696	92.25	100.00
697	92.25	100.00
698	92.25	100.00
699	92.25	100.00
700	92.25	100.00
701	92.25	100.00
702	92.25	100.00
703	92.25	100.00
704	92.25	100.00
705	92.25	100.00
706	92.25	100.00
707	92.25	100.00
708	92.25	100.00
709	92.25	100.00
710	92.25	100.00
711	92.25	100.00
712	92.25	100.00
713	92.25	100.00
714	92.25	100.00
715	92.25	100.00
716	92.25	100.00
717	92.25	100.00
718	92.25	100.00
719	92.25	100.00
720	92.25	100.00
721	92.25	100.00
722	92.25	100.00
723	92.25	100.00
724	92.25	100.00
725	92.25	100.00
726	92.25	100.00
727	92.25	100.00
728	92.25	100.00
729	92.25	100.00
730	92.25	100.00
731	92.25	100.00
732	92.25	100.00
733	92.25	100.00
734	92.25	100.00
735	92.25	100.00
736	92.25	100.00
737	92.25	100.00
738	92.25	100.00
739	92.25	100.00
740	92.25	100.00
741	92.25	100.00
742	92.25	100.00
743	92.25	100.00
744	92.25	100.00
745	92.25	100.00
746	92.25	100.00
747	92.25	100.00
748	92.25	100.00
749	92.25	100.00
750	92.25	100.00
751	92.25	100.00
752	92.25	100.00
753	92.25	100.00
754	92.25	100.00
755	92.25	100.00
756	92.25	100.00
757	92.25	100.00
758	92.25	100.00
759	92.25	100.00
760	92.25	100.00
761	92.25	100.00
762	92.25	100.00
763	92.25	100.00
764	92.25	100.00
765	92.25	100.00
766	92.25	100.00
767	92.25	100.00
768	92.25	100.00
769	92.25	100.00
770	92.25	100.00
771	92.25	100.00
772	92.25	100.00
773	92.25	100.00
774	92.25	100.00
775	92.25	100.00
776	92.25	100.00
777	92.25	100.00
778	92.25	100.00
779	92.25	100.00
780	92.25	100.00
781	92.25	100.00
782	92.25	100.00
783	92.25	100.00
784	92.25	100.00
785	92.25	100.00
786	92.25	100.00
787	92.25	100.00
788	92.25	100.00
789	92.25	100.00
790	92.25	100.00
791	92.25	100.00
792	92.25	100.00
793	92.25	100.00
794	92.25	100.00
795	92.25	100.00
796	92.25	100.00
797	92.25	100.00
798	92.25	100.00
799	92.25	100.00
800	92.25	100.00
801	92.25	100.00
802	92.25	100.00
803	92.25	100.00
804	92.25	100.00
805	92.25	100.00
806	92.25	100.00
807	92.25	100.00
808	92.25	100.00
809	92.25	100.00
810	92.25	100.00
811	92.25	100.00
812	92.25	100.00
813	92.25	100.00
814	92.25	100.00
815	92.25	100.00
816	92.25	100.00
817	92.25	100.00
818	92.25	100.00
819	92.25	100.00
820	92.25	100.00
821	92.25	100.00
822	92.25	100.00
823	92.25	100.00
824	92.25	100.00
825	92.25	100.00
826	92.25	100.00
827	92.25	100.00
828	92.25	100.00
829	92.25	100.00
830	92.25	100.00
831	92.25	100.00
832	92.25	100.00
833	92.25	100.00
834	92.25	100.00
835	92.25	100.00
836	92.25	100.00
837	92.25	100.00
838	92.25	100.00
839	92.25	100.00
840	92.25	100.00
841	92.25	100.00
842	92.25	100.00
843	92.25	100.00
844	92.25	100.00
845	92.25	100.00
846	92.25	100.00
847	92.25	100.00
848	92.25	100.00
849	92.25	100.00
850	92.25	100.00
851	92.25	100.00
852	92.25	100.00
853	92.25	100.00
854	92.25	100.00
855	92.25	100.00
856	92.25	100.00
857	92.25	100.00
858	92.25	100.00
859	92.25	100.00
860	92.25	100.00
861	92.25	100.00
862	92.25	100.00
863	92.25	100.00
864	92.25	100.00
865	92.25	100.00
866	92.25	100.00
867	92.25	100.00
868	92.25	100.00
869	92.25	100.00
870	92.25	100.00
871	92.25	100.00
872	92.25	100.00
873	92.25	100.00
874	92.25	100.00
875	92.25	100.00
876	92.25	100.00
877	92.25	100.00
878	92.25	100.00
879	92.25	100.00
880	92.25	100.00
881	92.25	100.00
882	92.25	100.00
883	92.25	100.00
884	92.25	100.00
885	92.25	100.00
886	92.25	100.00
887	92.25	100.00
888	92.25	100.00
889	92.25	100.00
890	92.25	100.00
891	92.25	100.00
892	92.25	100.00
893	92.25	100.00
894	92.25	100.00
895	92.25	100.00
896	92.25	100.00
897	92.25	100.00
898	92.25	100.00
899	92.25	100.00
900	92.25	100.00
901	92.25	100.00
902	92.25	100.00
903	92.25	100.00
904	92.25	100.00
905	92.25	100.00
906	92.25	100.00
907	92.25	100.00
908	92.25	100.00
909	92.25	100.00
910	92.25	100.00
911	92.25	100.00
912	92.25	100.00
913	92.25	100.00
914	92.25	100.00
915	92.25	100.00
916	92.25	100.00
917	92.25	100.00
918	92.25	100.00
919	92.25	100.00
920	92.25	100.00
921	92.25	100.00
922	92.25	100.00
923	92.25	100.00
924	92.25	100.00
925	92.25	100.00
926	92.25	100.00
927	92.25	100.00
928	92.25	100.00
929	92.25	100.00
930	92.25	100.00
931	92.25	100.00
932	92.25	100.00
933	92.25	100.00
934	92.25	100.00
935	92.25	100.00
936	92.25	100.00
937	92.25	100.00
938	92.25	100.00
939	92.25	100.00
940	92.25	100.00
941	92.25	100.00
942	92.25	100.00
943	92.25	100.00
944	92.25	100.00
945	92.25	100.00
946	92.25	100.00
947	92.25	100.00
948	92.25	100.00
949	92.25	100.00
950	92.25	100.00
951	92.25	100.00
952	92.25	100.00
953	92.25	100.00
954	92.25	100.00
955	92.25	100.00
956	92.25	100.00
957	92.25	100.00
958	92.25	100.00
959	92.25	100.00
960	92.25	100.00
961	92.25	100.00
962	92.25	100.00
963	92.25	100.00
964	92.25	100.00
965	92.25	100.00
966	92.25	100.00
967	92.25	100.00
968	92.25	100.00
969	92.25	100.00
970	92.25	100.00
971	92.25	100.00
972	92.25	100.00
973	92.25	100.00
974	92.25	100.00
975	92.25	100.00
976	92.25	100.00
977	92.25	100.00
978	92.25	100.00
979	92.25	100.00
980	92.25	100.00
981	92.25	100.00
982	92.25	100.00
983	92.25	100.00
984	92.25	100.00
985	92.25	100.00
986	92.25	100.00
987	92.25	100.00
988	92.25	100.00
989	92.25	100.00
990	92.25	100.00
991	92.25	100.00
992	92.25	100.00
993	92.25	100.00
994	92.25	100.00
995	92.25	100.00
996	92.25	100.00
997	92.25	100.00
998	92.25	100.00
999	92.25	100.00
1000	92.25	100.00
1001	92.25	100.00
1002	92.25	100.00
1003	92.25	100.00
1004	92.25	100.00
1005	92.25	100.00
1006	92.25	100.00
1007	92.25	100.00
1008	92.25	100.00
1009	92.25	100.00
1010	92.25	100.00
1011	92.25	100.00
1012	92.25	100.00
1013	92.25	100.00
1014	92.25	100.00
1015	92.25	100.00
1016	92.25	100.00
1017	92.25	100.00
1018	92.25	100.00
1019	92.25	100.00
1020	92.25	100.00
1021	92.25	100.00
1022	92.25	100.00
1023	92.25	100.00
1024	92.25	100.00
1025	92.25	100.00
1026	92.25	100.00
1027	92.25	100.00
1028	92.25	100.00
1029	92.25	100.00
1030	92.25	100.00
1031	92.25	100.00
1032	92.25	100.00
1033	92.25	100.00
1034	92.25	100.00
1035	92.25	100.00
1036	92.25	100.00
1037	92.25	100.00
1038	92.25	100.00
1039	92.25	100.00
1040	92.25	100.00
1041	92.25	100.00
1042	92.25	100.00
1043	92.25	100.00
1044	92.25	100.00
1045	92.25	100.00
1046	92.25	100.00
1047	92.25	100.00
1048	92.25	100.00
1049	92.25	100.00
1050	92.25	100.00
1051	92.25	100.00
1052	92.25	100.00
1053	92.25	100.00
1054	92.25	100.00
1055	92.25	100.00
1056	92.25	100.00
1057	92.25	100.00
1058	92.25	100.00
1059	92.25	100.00
1060	92.25	100.00
1061	92.25	100.00
1062	92.25	100.00
1063	92.25	100.00
1064	92.25	100.00
1065	92.25	100.00
1066	92.25	100.00
1067	92.25	100.00
1068	92.25	100.00
1069	92.25	100.00
1070	92.25	100.00
1071	92.25	100.00
1072	92.25	100.00
1073	92.25	100.00
1074	92.25	100.00
1075	92.25	100.00
1076	92.25	100.00
1077	92.25	100.00
1078	92.25	100.00
1079	92.25	100.00
1080	92.44	100.00
1081	92.44	100.00
1082	92.44	100.00
1083	92.44	100.00
1084	92.44	100.00
1085	92.44	100.00
1086	92.44	100.00
1087	92.44	100.00
1088	92.44	100.00
1089	92.44	100.00
1090	92.44	100.00
1091	92.44	100.00
1092	92.44	100.00
1093	92.44	100.00
1094	92.44	100.00
1095	92.44	100.00
1096	92.44	100.00
1097	92.44	100.00
1098	92.44	100.00
1099	92.44	100.00
1100	92.44	100.00
1101	92.44	100.00
1102	92.44	100.00
1103	92.44	100.00
1104	92.44	100.00
1105	92.44	100.00
1106	92.44	100.00
1107	92.44	100.00
1108	92.44	100.00
1109	92.44	100.00
1110	92.44	100.00
1111	92.44	100.00
1112	92.44	100.00
1113	92.44	100.00
1114	92.44	100.00
1115	92.44	100.00
1116	92.44	100.00
1117	92.44	100.00
1118	92.44	100.00
1119	92.44	100.00
1120	92.44	100.00
1121	92.44	100.00
1122	92.44	100.00
1123	92.44	100.00
1124	92.44	100.00
1125	92.44	100.00
1126	92.44	100.00
1127	92.44	100.00
1128	92.44	100.00
1129	92.44	100.00
1130	92.44	100.00
1131	92.44	100.00
1132	92.44	100.00
1133	92.44	100.00
1134	92.44	100.00
1135	92.44	100.00
1136	92.44	100.00
1137	92.44	100.00
1138	92.44	100.00
1139	92.44	100.00
1140	92.44	100.00
1141	92.44	100.00
1142	92.44	100.00
1143	92.44	100.00
1144	92.44	100.00
1145	92.44	100.00
1146	92.44	100.00
1147	92.44	100.00
1148	92.44	100.00
1149	92.44	100.00
1150	92.44	100.00
1151	92.44	100.00
1152	92.44	100.00
1153	92.44	100.00
1154	92.44	100.00
1155	92.44	100.00
1156	92.44	100.00
1157	92.44	100.00
1158	92.44	100.00
1159	92.44	100.00
1160	92.44	100.00
1161	92.44	100.00
1162	92.44	100.00
1163	92.44	100.00
1164	92.44	100.00
1165	92.44	100.00
1166	92.44	100.00
1167	92.44	100.00
1168	92.44	100.00
1169	92.44	100.00
1170	92.44	100.00
1171	92.44	100.00
1172	92.44	100.00
1173	92.44	100.00
1174	92.44	100.00
1175	92.44	100.00
1176	92.44	100.00
1177	92.44	100.00
1178	92.44	100.00
1179	92.44	100.00
1180	92.44	100.00
1181	92.44	100.00
1182	92.44	100.00
1183	92.44	100.00
1184	92.44	100.00
1185	92.44	100.00
1186	92.44	100.00
1187	92.44	100.00
1188	92.44	100.00
1189	92.44	100.00
1190	92.44	100.00
1191	92.44	100.00
1192	92.44	100.00
1193	92.44	100.00
1194	92.44	100.00
1195	92.44	100.00
1196	92.44	100.00
1197	92.44	100.00
1198	92.44	100.00
1199	92.44	100.00
1200	92.44	100.00
1201	92.44	100.00
1202	92.44	100.00
1203	92.44	100.00
1204	92.44	100.00
1205	92.44	100.00
1206	92.44	100.00
1207	92.44	100.00
1208	92.44	100.00
1209	92.44	100.00
1210	92.44	100.00
1211	92.44	100.00
1212	92.44	100.00
1213	92.44	100.00
1214	92.44	100.00
1215	92.44	100.00
1216	92.44	100.00
1217	92.44	100.00
1218	92.44	100.00
1219	92.44	100.00
1220	92.44	100.00
1221	92.44	100.00
1222	92.44	100.00
1223	92.44	100.00
1224	92.44	100.00
1225	92.44	100.00
1226	92.44	100.00
1227	92.44	100.00
1228	92.44	100.00
1229	92.44	100.00
1230	92.44	100.00
1231	92.44	100.00
1232	92.44	100.00
1233	92.44	100.00
1234	92.44	100.00
1235	92.44	100.00
1236	92.44	100.00
1237	92.44	100.00
1238	92.44	100.00
1239	92.44	100.00
1240	92.44	100.00
1241	92.44	100.00
1242	92.44	100.00
1243	92.44	100.00
1244	92.44	100.00
1245	92.44	100.00
1246	92.44	100.00
1247	92.44	100.00
1248	92.44	100.00
1249	92.44	100.00
1250	92.44	100.00
1251	92.44	100.00
1252	92.44	100.00
1253	92.44	100.00
1254	92.44	100.00
1255	92.44	100.00
1256	92.44	100.00
1257	92.44	100.00
1258	92.44	100.00
1259	92.44	100.00
1260	92.44	100.00
1261	92.44	100.00
1262	92.44	100.00
1263	92.44	100.00
1264	92.44	100.00
1265	92.44	100.00
1266	92.44	100.00
1267	92.44	100.00
1268	92.44	100.00
1269	92.44	100.00
1270	92.44	100.00
1271	92.44	100.00
1272	92.44	100.00
1273	92.44	100.00
1274	92.44	100.00
1275	92.44	100.00
1276	92.44	100.00
1277	92.44	100.00
1278	92.44	100.00
1279	92.44	100.00
1280	92.44	100.00
1281	92.44	100.00
1282	92.44	100.00
1283	92.44	100.00
1284	92.44	100.00
1285	92.44	100.00
1286	92.44	100.00
1287	92.44	100.00
1288	92.44	100.00
1289	92.44	100.00
1290	92.44	100.00
1291	92.44	100.00
1292	92.44	100.00
1293	92.44	100.00
1294	92.44	100.00
1295	92.44	100.00
1296	92.44	100.00
1297	92.44	100.00
1298	92.44	100.00
1299	92.44	100.00
1300	92.44	100.00
1301	92.44	100.00
1302	92.44	100.00
1303	92.44	100.00
1304	92.44	100.00
1305	92.44	100.00
1306	92.44	100.00
1307	92.44	100.00
1308	92.44	100.00
1309	92.44	100.00
1310	92.44	100.00
1311	92.44	100.00
1312	92.44	100.00
1313	92.44	100.00
1314	92.44	100.00
1315	92.44	100.00
1316	92.44	100.00
1317	92.44	100.00
1318	92.44	100.00
1319	92.44	100.00
1320	92.44	100.00
1321	92.44	100.00
1322	92.44	100.00
1323	92.44	100.00
1324	92.44	100.00
1325	92.44	100.00
1326	92.44	100.00
1327	92.44	100.00
1328	92.44	100.00
1329	92.44	100.00
1330	92.44	100.00
1331	92.44	100.00
1332	92.44	100.00
1333	92.44	100.00
1334	92.44	100.00
1335	92.44	100.00
1336	92.44	100.00
1337	92.44	100.00
1338	92.44	100.00
1339	92.44	100.00
1340	92.44	100.00
1341	92.44	100.00
1342	92.44	100.00
1343	92.44	100.00
1344	92.44	100.00
1345	92.44	100.00
1346	92.44	100.00
1347	92.44	100.00
1348	92.44	100.00
1349	92.44	100.00
1350	92.44	100.00
1351	92.44	100.00
1352	92.44	100.00
1353	92.44	100.00
1354	92.44	100.00
1355	92.44	100.00
1356	92.44	100.00
1357	92.44	100.00
1358	92.44	100.00
1359	92.44	100.00
1360	92.44	100.00
1361	92.44	100.00
1362	92.44	100.00
1363	92.44	100.00
1364	92.44	100.00
1365	92.44	100.00
1366	92.44	100.00
1367	92.44	100.00
1368	92.44	100.00
1369	92.44	100.00
1370	92.44	100.00
1371	92.44	100.00
1372	92.44	100.00
1373	92.44	100.00
1374	92.44	100.00
1375	92.44	100.00
1376	92.44	100.00
1377	92.44	100.00
1378	92.44	100.00
1379	92.44	100.00
1380	92.44	100.00
1381	92.44	100.00
1382	92.44	100.00
1383	92.44	100.00
1384	92.44	100.00
1385	92.44	100.00
1386	92.44	100.00
1387	92.44	100.00
1388	92.44	100.00
1389	92.44	100.00
1390	92.44	100.00
1391	92.44	100.00
1392	92.44	100.00
1393	92.44	100.00
1394	92.44	100.00
1395	92.44	100.00
1396	92.44	100.00
1397	92.44	100.00
1398	92.44	100.00
1399	92.44	100.00
1400	92.44	100.00
1401	92.44	100.00
1402	92.44	100.00
1403	92.44	100.00
1404	92.44	100.00
1405	92.44	100.00
1406	92.44	100.00
1407	92.44	100.00
1408	92.44	100.00
1409	92.44	100.00
1410	92.44	100.00
1411	92.44	100.00
1412	92.44	100.00
1413	92.44	100.00
1414	92.44	100.00
1415	92.44	100.00
1416	92.44	100.00
1417	92.44	100.00
1418	92.44	100.00
1419	92.44	100.00
1420	92.44	100.00
1421	92.44	100.00
1422	92.44	100.00
1423	92.44	100.00
1424	92.44	100.00
1425	92.44	100.00
1426	92.44	100.00
1427	92.44	100.00
1428	92.44	100.00
1429	92.44	100.00
1430	92.44	100.00
1431	92.44	100.00
1432	92.44	100.00
1433	92.44	100.00
1434	92.44	100.00
1435	92.44	100.00
1436	92.44	100.00
1437	92.44	100.00
1438	92.44	100.00
1439	92.44	100.00
1440	92.44	100.00
1441	92.44	100.00
1442	92.44	100.00
1443	92.44	100.00
1444	92.44	100.00
1445	92.44	100.00
1446	92.44	100.00
1447	92.44	100.00
1448	92.44	100.00
1449	92.44	100.00
1450	92.44	100.00
1451	92.44	100.00
1452	92.44	100.00
1453	92.44	100.00
1454	92.44	100.00
1455	92.44	100.00
1456	92.44	100.00
1457	92.44	100.00
1458	92.44	100.00
1459	92.44	100.00
1460	92.44	100.00
1461	92.44	100.00
1462	92.44	100.00
1463	92.44	100.00
1464	92.44	100.00
1465	92.44	100.00
1466	92.44	100.00
1467	92.44	100.00
1468	92.44	100.00
1469	92.44	100.00
1470	92.44	100.00
1471	92.44	100.00
1472	92.44	100.00
1473	92.44	100.00
1474	92.44	100.00
1475	92.44	100.00
1476	92.44	100.00
1477	92.44	100.00
1478	92.44	100.00
1479	92.44	100.00
1480	92.44	100.00
1481	92.44	100.00
1482	92.44	100.00
1483	92.44	100.00
1484	92.44	100.00
1485	92.44	100.00
1486	92.44	100.00
1487	92.44	100.00
1488	92.44	100.00
1489	92.44	100.00
1490	92.44	100.00
1491	92.44	100.00
1492	92.44	100.00
1493	92.44	100.00
1494	92.44	100.00
1495	92.44	100.00
1496	92.44	100.00
1497	92.44	100.00
1498	92.44	100.00
1499	92.44	100.00
1500	92.44	100.00
1501	92.44	100.00
1502	92.44	100.00
1503	92.44	100.00
1504	92.44	100.00
1505	92.44	100.00
1506	92.44	100.00
1507	92.44	100.00
1508	92.44	100.00
1509	92.44	100.00
1510	92.44	100.00
1511	92.44	100.00
1512	92.44	100.00
1513	92.44	100.00
1514	92.44	100.00
1515	92.44	100.00
1516	92.44	100.00
1517	92.44	100.00
1518	92.44	100.00
1519	92.44	100.00
1520	92.44	100.00
1521	92.44	100.00
1522	92.44	100.00
1523	92.44	100.00
1524	92.44	100.00
1525	92.44	100.00
1526	92.44	100.00
1527	92.44	100.00
1528	92.44	100.00
1529	92.44	100.00
1530	92.44	100.00
1531	92.44	100.00
1532	92.44	100.00
1533	92.44	100.00
1534	92.44	100.00
1535	92.44	100.00
1536	92.44	100.00
1537	92.44	100.00
1538	92.44	100.00
1539	92.44	100.00
1540	92.44	100.00
1541	92.44	100.00
1542	92.44	100.00
1543	92.44	100.00
1544	92.44	100.00
1545	92.44	100.00
1546	92.44	100.00
1547	92.44	100.00
1548	92.44	100.00
1549	92.44	100.00
1550	92.44	100.00
1551	92.44	100.00
1552	92.44	100.00
1553	92.44	100.00
1554	92.44	100.00
1555	92.44	100.00
1556	92.44	100.00
1557	92.44	100.00
1558	92.44	100.00
1559	92.44	100.00
1560	92.44	100.00
1561	92.44	100.00
1562	92.44	100.00
1563	92.44	100.00
1564	92.44	100.00
1565	92.44	100.00
1566	92.44	100.00
1567	92.44	100.00
1568	92.44	100.00
1569	92.44	100.00
1570	92.44	100.00
1571	92.44	100.00
1572	92.44	100.00
1573	92.44	100.00
1574	92.44	100.00
1575	92.44	100.00
1576	92.44	100.00
1577	92.44	100.00
1578	92.44	100.00
1579	92.44	100.00
1580	92.44	100.00
1581	92.44	100.00
1582	92.44	100.00
1583	92.44	100.00
1584	92.44	100.00
1585	92.44	100.00
1586	92.44	100.00
1587	92.44	100.00
1588	92.44	100.00
1589	92.44	100.00
1590	92.44	100.00
1591	92.44	100.00
1592	92.44	100.00
1593	92.44	100.00
1594	92.44	100.00
1595	92.44	100.00
1596	92.44	100.00
1597	92.44	100.00
1598	92.44	100.00
1599	92.44	100.00
1600	92.44	100.00
1601	92.44	100.00
1602	92.44	100.00
1603	92.44	100.00
1604	92.44	100.00
1605	92.44	100.00
1606	92.44	100.00
1607	92.44	100.00
1608	92.44	100.00
1609	92.44	100.00
1610	92.44	100.00
1611	92.44	100.00
1612	92.44	100.00
1613	92.44	100.00
1614	92.44	100.00
1615	92.44	100.00
1616	92.44	100.00
1617	92.44	100.00
1618	92.44	100.00
1619	92.44	100.00
1620	92.44	100.00
1621	92.44	100.00
1622	92.44	100.00
1623	92.44	100.00
1624	92.44	100.00
1625	92.44	100.00
1626	92.44	100.00
1627	92.44	100.00
1628	92.44	100.00
1629	92.44	100.00
1630	92.44	100.00
1631	92.44	100.00
1632	92.44	100.00
1633	92.44	100.00
1634	92.44	100.00
1635	92.44	100.00
1636	92.44	100.00
1637	92.44	100.00
1638	92.44	100.00
1639	92.44	100.00
1640	92.44	100.00
1641	92.44	100.00
1642	92.44	100.00
1643	92.44	100.00
1644	92.44	100.00
1645	92.44	100.00
1646	92.44	100.00
1647	92.44	100.00
1648	92.44	100.00
1649	92.44	100.00
1650	92.44	100.00
1651	92.44	100.00
1652	92.44	100.00
1653	92.44	100.00
1654	92.44	100.00
1655	92.44	100.00
1656	92.44	100.00
1657	92.44	100.00
1658	92.44	100.00
1659	92.44	100.00
1660	92.44	100.00
1661	92.44	100.00
1662	92.44	100.00
1663	92.44	100.00
1664	92.44	100.00
1665	92.44	100.00
1666	92.44	100.00
1667	92.44	100.00
1668	92.44	100.00
1669	92.44	100.00
1670	92.44	100.00
1671	92.44	100.00
1672	92.44	100.00
1673	92.44	100.00
1674	92.44	100.00
1675	92.44	100.00
1676	92.44	100.00
1677	92.44	100.00
1678	92.44	100.00
1679	92.44	100.00
1680	92.44	100.00
1681	92.44	100.00
1682	92.44	100.00
1683	92.44	100.00
1684	92.44	100.00
1685	92.44	100.00
1686	92.44	100.00
1687	92.44	100.00
1688	92.44	100.00
1689	92.44	100.00
1690	92.44	100.00
1691	92.44	100.00
1692	92.44	100.00
1693	92.44	100.00
1694	92.44	100.00
1695	92.44	100.00
1696	92.44	100.00
1697	92.44	100.00
1698	92.44	100.00
1699	92.44	100.00
1700	92.44	100.00
1701	92.44	100.00
1702	92.44	100.00
1703	92.44	100.00
1704	92.44	100.00
1705	92.44	100.00
1706	92.44	100.00
1707	92.44	100.00
1708	92.44	100.00
1709	92.44	100.00
1710	92.44	100.00
1711	92.44	100.00
1712	92.44	100.00
1713	92.44	100.00
1714	92.44	100.00
1715	92.44	100.00
1716	92.44	100.00
1717	92.44	100.00
1718	92.44	100.00
1719	92.44	100.00
1720	92.44	100.00
1721	92.44	100.00
1722	92.44	100.00
1723	92.44	100.00
1724	92.44	100.00
1725	92.44	100.00
1726	92.44	100.00
1727	92.44	100.00
1728	92.44	100.00
1729	92.44	100.00
1730	92.44	100.00
1731	92.44	100.00
1732	92.44	100.00
1733	92.44	100.00
1734	92.44	100.00
1735	92.44	100.00
1736	92.44	100.00
1737	92.44	100.00
1738	92.44	100.00
1739	92.44	100.00
1740	92.44	100.00
1741	92.44	100.00
1742	92.44	100.00
1743	92.44	100.00
1744	92.44	100.00
1745	92.44	100.00
1746	92.44	100.00
1747	92.44	100.00
1748	92.44	100.00
1749	92.44	100.00
1750	92.44	100.00
1751	92.44	100.00
1752	92.44	100.00
1753	92.44	100.00
1754	92.44	100.00
1755	92.44	100.00
1756	92.44	100.00
1757	92.44	100.00
1758	92.44	100.00
1759	92.44	100.00
1760	92.44	100.00
1761	92.44	100.00
1762	92.44	100.00
1763	92.44	100.00
1764	92.44	100.00
1765	92.44	100.00
1766	92.44	100.00
1767	92.44	100.00
1768	92.44	100.00
1769	92.44	100.00
1770	92.44	100.00
1771	92.44	100.00
1772	92.44	100.00
1773	92.44	100.00
1774	92.44	100.00
1775	92.44	100.00
1776	92.44	100.00
1777	92.44	100.00
1778	92.44	100.00
1779	92.44	100.00
1780	92.44	100.00
1781	92.44	100.00
1782	92.44	100.00
1783	92.44	100.00
1784	92.44	100.00
1785	92.44	100.00
1786	92.44	100.00
1787	92.44	100.00
1788	92.44	100.00
1789	92.44	100.00
1790	92.44	100.00
1791	92.44	100.00
1792	92.44	100.00
1793	92.44	100.00
1794	92.44	100.00
1795	92.44	100.00
1796	92.44	100.00
1797	92.44	100.00
1798	92.44	100.00
1799	92.44	100.00
1800	92.44	100.00
1801	92.44	100.00
1802	92.44	100.00
1803	92.44	100.00
1804	92.44	100.00
1805	92.44	100.00
1806	92.44	100.00
1807	92.44	100.00
1808	92.44	100.00
1809	92.44	100.00
1810	92.44	100.00
1811	92.44	100.00
1812	92.44	100.00
1813	92.44	100.00
1814	92.44	100.00
1815	92.44	100.00
1816	92.44	100.00
1817	92.44	100.00
1818	92.44	100.00
1819	92.44	100.00
1820	92.44	100.00
1821	92.44	100.00
1822	92.44	100.00
1823	92.44	100.00
1824	92.44	100.00
1825	92.44	100.00
1826	92.44	100.00
1827	92.44	100.00
1828	92.44	100.00
1829	92.44	100.00
1830	92.44	100.00
1831	92.44	100.00
1832	92.44	100.00
1833	92.44	100.00
1834	92.44	100.00
1835	92.44	100.00
1836	92.44	100.00
1837	92.44	100.00
1838	92.44	100.00
1839	92.44	100.00
1840	92.44	100.00
1841	92.44	100.00
1842	92.44	100.00
1843	92.44	100.00
1844	92.44	100.00
1845	92.44	100.00
1846	92.44	100.00
1847	92.44	100.00
1848	92.44	100.00
1849	92.44	100.00
1850	92.44	100.00
1851	92.44	100.00
1852	92.44	100.00
1853	92.44	100.00
1854	92.44	100.00
1855	92.44	100.00
1856	92.44	100.00
1857	92.44	100.00
1858	92.44	100.00
1859	92.44	100.00
1860	92.44	100.00
1861	92.44	100.00
1862	92.44	100.00
1863	92.44	100.00
1864	92.44	100.00
1865	92.44	100.00
1866	92.44	100.00
1867	92.44	100.00
1868	92.44	100.00
1869	92.44	100.00
1870	92.44	100.00
1871	92.44	100.00
1872	92.44	100.00
1873	92.44	100.00
1874	92.44	100.00
1875	92.44	100.00
1876	92.44	100.00
1877	92.44	100.00
1878	92.44	100.00
1879	92.44	100.00
1880	92.44	100.00
1881	92.44	100.00
1882	92.44	100.00
1883	92.44	100.00
1884	92.44	100.00
1885	92.44	100.00
1886	92.44	100.00
1887	92.44	100.00
1888	92.44	100.00
1889	92.44	100.00
1890	92.44	100.00
1891	92.44	100.00
1892	92.44	100.00
1893	92.44	100.00
1894	92.44	100.00
1895	92.44	100.00
1896	92.44	100.00
1897	92.44	100.00
1898	92.44	100.00
1899	92.44	100.00
1900	92.44	100.00
1901	92.44	100.00
1902	92.44	100.00
1903	92.44	100.00
1904	92.44	100.00
1905	92.44	100.00
1906	92.44	100.00
1907	92.44	100.00
1908	92.44	100.00
1909	92.44	100.00
1910	92.62	100.00
1911	92.62	100.00
1912	92.62	100.00
1913	92.62	100.00
1914	92.62	100.00
1915	92.62	100.00
1916	92.62	100.00
1917	92.62	100.00
1918	92.62	100.00
1919	92.62	100.00
1920	92.62	100.00
1921	92.62	100.00
1922	92.62	100.00
1923	92.62	100.00
1924	92.62	100.00
1925	92.62	100.00
1926	92.62	100.00
1927	92.62	100.00
1928	92.62	100.00
1929	92.62	100.00
1930	92.62	100.00
1931	92.62	100.00
1932	92.62	100.00
1933	92.62	100.00
1934	92.62	100.00
1935	92.62	100.00
1936	92.62	100.00
1937	92.62	100.00
1938	92.62	100.00
1939	92.62	100.00
1940	92.62	100.00
1941	92.62	100.00
1942	92.62	100.00
1943	92.62	100.00
1944	92.62	100.00
1945	92.62	100.00
1946	92.62	100.00
1947	92.62	100.00
1948	92.62	100.00
1949	92.62	100.00
1950	92.62	100.00
1951	92.62	100.00
1952	92.62	100.00
1953	92.62	100.00
1954	92.62	100.00
1955	92.62	100.00
1956	92.62	100.00
1957	92.62	100.00
1958	92.62	100.00
1959	92.62	100.00
1960	92.62	100.00
1961	92.62	100.00
1962	92.62	100.00
1963	92.62	100.00
1964	92.62	100.00
1965	92.62	100.00
1966	92.62	100.00
1967	92.62	100.00
1968	92.62	100.00
1969	92.62	100.00
1970	92.62	100.00
1971	92.62	100.00
1972	92.62	100.00
1973	92.62	100.00
1974	92.62	100.00
1975	92.62	100.00
1976	92.62	100.00
1977	92.62	100.00
1978	92.62	100.00
1979	92.62	100.00
1980	92.62	100.00
1981	92.62	100.00
1982	92.62	100.00
1983	92.62	100.00
1984	92.62	100.00
1985	92.62	100.00
1986	92.62	100.00
1987	92.62	100.00
1988	92.62	100.00
1989	92.62	100.00
1990	92.62	100.00
1991	92.62	100.00
1992	92.62	100.00
1993	92.62	100.00
1994	92.62	100.00
1995	92.62	100.00
1996	92.62	100.00
1997	92.62	100.00
1998	92.62	100.00
1999	92.62	100.00
2000	92.62	100.00
2001	92.62	100.00
2002	92.62	100.00
2003	92.62	100.00
2004	92.62	100.00
2005	92.62	100.00
2006	92.62	100.00
2007	92.62	100.00
2008	92.62	100.00
2009	92.62	100.00
2010	92.62	100.00
2011	92.62	100.00
2012	92.62	100.00
2013	92.62	100.00
2014	92.62	100.00
2015	92.62	100.00
2016	92.62	100.00
2017	92.62	100.00
2018	92.62	100.00
2019	92.62	100.00
2020	92.62	100.00
2021	92.62	100.00
2022	92.62	100.00
2023	92.62	100.00
2024	92.62	100.00
2025	92.62	100.00
2026	92.62	100.00
2027	92.62	100.00
2028	92.62	100.00
2029	92.62	100.00
2030	92.62	100.00
2031	92.62	100.00
2032	92.62	100.00
2033	92.62	100.00
2034	92.62	100.00
2035	92.62	100.00
2036	92.62	100.00
2037	92.62	100.00
2038	92.62	100.00
2039	92.62	100.00
2040	92.62	100.00
2041	92.62	100.00
2042	92.62	100.00
2043	92.62	100.00
2044	92.62	100.00
2045	92.62	100.00
2046	92.62	100.00
2047	92.62	100.00
2048	92.62	100.00
2049	92.62	100.00
2050	92.62	100.00
2051	92.62	100.00
2052	92.62	100.00
2053	92.62	100.00
2054	92.62	100.00
2055	92.62	100.00
2056	92.62	100.00
2057	92.62	100.00
2058	92.62	100.00
2059	92.62	100.00
2060	92.62	100.00
2061	92.62	100.00
2062	92.62	100.00
2063	92.62	100.00
2064	92.62	100.00
2065	92.62	100.00
2066	92.62	100.00
2067	92.62	100.00
2068	92.62	100.00
2069	92.62	100.00
2070	92.62	100.00
2071	92.62	100.00
2072	92.62	100.00
2073	92.62	100.00
2074	92.62	100.00
2075	92.62	100.00
2076	92.62	100.00
2077	92.62	100.00
2078	92.62	100.00
2079	92.62	100.00
2080	92.62	100.00
2081	92.62	100.00
2082	92.62	100.00
2083	92.62	100.00
2084	92.62	100.00
2085	92.62	100.00
2086	92.62	100.00
2087	92.62	100.00
2088	92.62	100.00
2089	92.62	100.00
2090	92.62	100.00
2091	92.62	100.00
2092	92.62	100.00
2093	92.62	100.00
2094	92.62	100.00
2095	92.62	100.00
2096	92.62	100.00
2097	92.62	100.00
2098	92.62	100.00
2099	92.62	100.00
2100	92.62	100.00
2101	92.62	100.00
2102	92.62	100.00
2103	92.62	100.00
2104	92.62	100.00
2105	92.62	100.00
2106	92.62	100.00
2107	92.62	100.00
2108	92.62	100.00
2109	92.62	100.00
2110	92.62	100.00
2111	92.62	100.00
2112	92.62	100.00
2113	92.62	100.00
2114	92.62	100.00
2115	92.62	100.00
2116	92.62	100.00
2117	92.62	100.00
2118	92.62	100.00
2119	92.62	100.00
2120	92.62	100.00
2121	92.62	100.00
2122	92.62	100.00
2123	92.62	100.00
2124	92.62	100.00
2125	92.62	100.00
2126	92.62	100.00
2127	92.62	100.00
2128	92.62	100.00
2129	92.62	100.00
2130	92.62	100.00
2131	92.62	100.00
2132	92.62	100.00
2133	92.62	100.00
2134	92.62	100.00
2135	92.62	100.00
2136	92.62	100.00
2137	92.62	100.00
2138	92.62	100.00
2139	92.62	100.00
2140	92.62	100.00
2141	92.62	100.00
2142	92.62	100.00
2143	92.62	100.00
2144	92.62	100.00
2145	92.62	100.00
2146	92.62	100.00
2147	92.62	100.00
2148	92.62	100.00
2149	92.62	100.00
2150	92.62	100.00
2151	92.62	100.00
2152	92.62	100.00
2153	92.62	100.00
2154	92.62	100.00
2155	92.62	100.00
2156	92.62	100.00
2157	92.62	100.00
2158	92.62	100.00
2159	92.62	100.00
2160	92.62	100.00
2161	92.62	100.00
2162	92.62	100.00
2163	92.62	100.00
2164	92.62	100.00
2165	92.62	100.00
2166	92.62	100.00
2167	92.62	100.00
2168	92.62	100.00
2169	92.62	100.00
2170	92.62	100.00
2171	92.62	100.00
2172	92.62	100.00
2173	92.62	100.00
2174	92.62	100.00
2175	92.62	100.00
2176	92.62	100.00
2177	92.62	100.00
2178	92.62	100.00
2179	92.62	100.00
2180	92.62	100.00
2181	92.62	100.00
2182	92.62	100.00
2183	92.62	100.00
2184	92.62	100.00
2185	92.62	100.00
2186	92.62	100.00
2187	92.62	100.00
2188	92.62	100.00
2189	92.62	100.00
2190	92.62	100.00
2191	92.62	100.00
2192	92.62	100.00
2193	92.62	100.00
2194	92.62	100.00
2195	92.62	100.00
2196	92.62	100.00
2197	92.62	100.00
2198	92.62	100.00
2199	92.62	100.00
2200	92.62	100.00
2201	92.62	100.00
2202	92.62	100.00
2203	92.62	100.00
2204	92.62	100.00
2205	92.62	100.00
2206	92.62	100.00
2207	92.62	100.00
2208	92.62	100.00
2209	92.62	100.00
2210	92.62	100.00
2211	92.62	100.00
2212	92.62	100.00
2213	92.62	100.00
2214	92.62	100.00
2215	92.62	100.00
2216	92.62	100.00
2217	92.62	100.00
2218	92.62	100.00
2219	92.62	100.00
2220	92.62	100.00
2221	92.62	100.00
2222	92.62	100.00
2223	92.62	100.00
2224	92.62	100.00
2225	92.62	100.00
2226	92.62	100.00
2227	92.62	100.00
2228	92.62	100.00
2229	92.62	100.00
2230	92.62	100.00
2231	92.62	100.00
2232	92.62	100.00
2233	92.62	100.00
2234	92.62	100.00
2235	92.62	100.00
2236	92.62	100.00
2237	92.62	100.00
2238	92.62	100.00
2239	92.62	100.00
2240	92.62	100.00
2241	92.62	100.00
2242	92.62	100.00
2243	92.62	100.00
2244	92.62	100.00
2245	92.62	100.00
2246	92.62	100.00
2247	92.62	100.00
2248	92.62	100.00
2249	92.62	100.00
2250	92.62	100.00
2251	92.62	100.00
2252	92.62	100.00
2253	92.62	100.00
2254	92.62	100.00
2255	92.62	100.00
2256	92.62	100.00
2257	92.62	100.00
2258	92.62	100.00
2259	92.62	100.00
2260	92.62	100.00
2261	92.62	100.00
2262	92.62	100.00
2263	92.62	100.00
2264	92.62	100.00
2265	92.62	100.00
2266	92.62	100.00
2267	92.62	100.00
2268	92.62	100.00
2269	92.62	100.00
2270	92.62	100.00
2271	92.62	100.00
2272	92.62	100.00
2273	92.62	100.00
2274	92.62	100.00
2275	92.62	100.00
2276	92.62	100.00
2277	92.62	100.00
2278	92.62	100.00
2279	92.62	100.00
2280	92.62	100.00
2281	92.62	100.00
2282	92.62	100.00
2283	92.62	100.00
2284	92.62	100.00
2285	92.62	100.00
2286	92.62	100.00
2287	92.62	100.00
2288	92.62	100.00
2289	92.62	100.00
2290	92.62	100.00
2291	92.62	100.00
2292	92.62	100.00
2293	92.62	100.00
2294	92.62	100.00
2295	92.62	100.00
2296	92.62	100.00
2297	92.62	100.00
2298	92.62	100.00
2299	92.62	100.00
2300	92.62	100.00
2301	92.62	100.00
2302	92.62	100.00
2303	92.62	100.00
2304	92.62	100.00
2305	92.62	100.00
2306	92.62	100.00
2307	92.62	100.00
2308	92.62	100.00
2309	92.62	100.00
2310	92.62	100.00
2311	92.62	100.00
2312	92.62	100.00
2313	92.62	100.00
2314	92.62	100.00
2315	92.62	100.00
2316	92.62	100.00
2317	92.62	100.00
2318	92.62	100.00
2319	92.62	100.00
2320	92.62	100.00
2321	92.62	100.00
2322	92.62	100.00
2323	92.62	100.00
2324	92.62	100.00
2325	92.62	100.00
2326	92.62	100.00
2327	92.62	100.00
2328	92.62	100.00
2329	92.62	100.00
2330	92.62	100.00
2331	92.62	100.00
2332	92.62	100.00
2333	92.62	100.00
2334	92.62	100.00
2335	92.62	100.00
2336	92.62	100.00
2337	92.62	100.00
2338	92.62	100.00
2339	92.62	100.00
2340	92.62	100.00
2341	92.62	100.00
2342	92.62	100.00
2343	92.62	100.00
2344	92.62	100.00
2345	92.62	100.00
2346	92.62	100.00
2347	92.62	100.00
2348	92.62	100.00
2349	92.62	100.00
2350	92.62	100.00
2351	92.62	100.00
2352	92.62	100.00
2353	92.62	100.00
2354	92.62	100.00
2355	92.62	100.00
2356	92.62	100.00
2357	92.62	100.00
2358	92.62	100.00
2359	92.62	100.00
2360	92.62	100.00
2361	92.62	100.00
2362	92.62	100.00
2363	92.62	100.00
2364	92.62	100.00
2365	92.62	100.00
2366	92.62	100.00
2367	92.62	100.00
2368	92.62	100.00
2369	92.62	100.00
2370	92.62	100.00
2371	92.62	100.00
2372	92.62	100.00
2373	92.62	100.00
2374	92.62	100.00
2375	92.62	100.00
2376	92.62	100.00
2377	92.62	100.00
2378	92.62	100.00
2379	92.62	100.00
2380	92.62	100.00
2381	92.62	100.00
2382	92.62	100.00
2383	92.62	100.00
2384	92.62	100.00
2385	92.62	100.00
2386	92.62	100.00
2387	92.62	100.00
2388	92.62	100.00
2389	92.62	100.00
2390	92.62	100.00
2391	92.62	100.00
2392	92.62	100.00
2393	92.62	100.00
2394	92.62	100.00
2395	92.62	100.00
2396	92.62	100.00
2397	92.62	100.00
2398	92.62	100.00
2399	92.62	100.00
2400	92.62	100.00
2401	92.62	100.00
2402	92.62	100.00
2403	92.62	100.00
2404	92.62	100.00
2405	92.62	100.00
2406	92.62	100.00
2407	92.62	100.00
2408	92.62	100.00
2409	92.62	100.00
2410	92.62	100.00
2411	92.62	100.00
2412	92.62	100.00
2413	92.62	100.00
2414	92.62	100.00
2415	92.62	100.00
2416	92.62	100.00
2417	92.62	100.00
2418	92.62	100.00
2419	92.62	100.00
2420	92.62	100.00
2421	92.62	100.00
2422	92.62	100.00
2423	92.62	100.00
2424	92.62	100.00
2425	92.62	100.00
2426	92.62	100.00
2427	92.62	100.00
2428	92.62	100.00
2429	92.62	100.00
2430	92.62	100.00
2431	92.62	100.00
2432	92.62	100.00
2433	92.62	100.00
2434	92.62	100.00
2435	92.62	100.00
2436	92.62	100.00
2437	92.62	100.00
2438	92.62	100.00
2439	92.62	100.00
2440	92.62	100.00
2441	92.62	100.00
2442	92.62	100.00
2443	92.62	100.00
2444	92.62	100.00
2445	92.62	100.00
2446	92.62	100.00
2447	92.62	100.00
2448	92.62	100.00
2449	92.62	100.00
2450	92.62	100.00
2451	92.62	100.00
2452	92.62	100.00
2453	92.62	100.00
2454	92.62	100.00
2455	92.62	100.00
2456	92.62	100.00
2457	92.62	100.00
2458	92.62	100.00
2459	92.62	100.00
2460	92.62	100.00
2461	92.62	100.00
2462	92.62	100.00
2463	92.62	100.00
2464	92.62	100.00
2465	92.62	100.00
2466	92.62	100.00
2467	92.62	100.00
2468	92.62	100.00
2469	92.62	100.00
2470	92.62	100.00
2471	92.62	100.00
2472	92.62	100.00
2473	92.62	100.00
2474	92.62	100.00
2475	92.62	100.00
2476	92.62	100.00
2477	92.62	100.00
2478	92.62	100.00
2479	92.62	100.00
2480	92.62	100.00
2481	92.62	100.00
2482	92.62	100.00
2483	92.62	100.00
2484	92.62	100.00
2485	92.62	100.00
2486	92.62	100.00
2487	92.62	100.00
2488	92.62	100.00
2489	92.62	100.00
2490	92.62	100.00
2491	92.62	100.00
2492	92.62	100.00
2493	92.62	100.00
2494	92.62	100.00
2495	92.62	100.00
2496	92.62	100.00
2497	92.62	100.00
2498	92.62	100.00
2499	92.62	100.00
2500	92.62	100.00
2501	92.62	100.00
2502	92.62	100.00
2503	92.62	100.00
2504	92.62	100.00
2505	92.62	100.00
2506	92.62	100.00
2507	92.62	100.00
2508	92.62	100.00
2509	92.62	100.00
2510	92.62	100.00
2511	92.62	100.00
2512	92.62	100.00
2513	92.62	100.00
2514	92.62	100.00
2515	92.62	100.00
2516	92.62	100.00
2517	92.62	100.00
2518	92.62	100.00
2519	92.62	100.00
2520	92.62	100.00
2521	92.62	100.00
2522	92.62	100.00
2523	92.62	100.00
2524	92.62	100.00
2525	92.62	100.00
2526	92.62	100.00
2527	92.62	100.00
2528	92.62	100.00
2529	92.62	100.00
2530	92.62	100.00
2531	92.62	100.00
2532	92.62	100.00
2533	92.62	100.00
2534	92.62	100.00
2535	92.62	100.00
2536	92.62	100.00
2537	92.62	100.00
2538	92.62	100.00
2539	92.62	100.00
2540	92.62	100.00
2541	92.62	100.00
2542	92.62	100.00
2543	92.62	100.00
2544	92.62	100.00
2545	92.62	100.00
2546	92.62	100.00
2547	92.62	100.00
2548	92.62	100.00
2549	92.62	100.00
2550	92.62	100.00
2551	92.62	100.00
2552	92.62	100.00
2553	92.62	100.00
2554	92.62	100.00
2555	92.62	100.00
2556	92.62	100.00
2557	92.62	100.00
2558	92.62	100.00
2559	92.62	100.00
2560	92.62	100.00
2561	92.62	100.00
2562	92.62	100.00
2563	92.62	100.00
2564	92.62	100.00
2565	92.62	100.00
2566	92.62	100.00
2567	92.62	100.00
2568	92.62	100.00
2569	92.62	100.00
2570	92.62	100.00
2571	92.62	100.00
2572	92.62	100.00
2573	92.62	100.00
2574	92.62	100.00
2575	92.62	100.00
2576	92.62	100.00
2577	92.62	100.00
2578	92.62	100.00
2579	92.62	100.00
2580	92.62	100.00
2581	92.62	100.00
2582	92.62	100.00
2583	92.62	100.00
2584	92.62	100.00
2585	92.62	100.00
2586	92.62	100.00
2587	92.62	100.00
2588	92.62	100.00
2589	92.62	100.00
2590	92.62	100.00
2591	92.62	100.00
2592	92.62	100.00
2593	92.62	100.00
2594	92.62	100.00
2595	92.62	100.00
2596	92.62	100.00
2597	92.62	100.00
2598	92.62	100.00
2599	92.62	100.00
2600	92.62	100.00
2601	92.62	100.00
2602	92.62	100.00
2603	92.62	100.00
2604	92.62	100.00
2605	92.62	100.00
2606	92.62	100.00
2607	92.62	100.00
2608	92.62	100.00
2609	92.62	100.00
2610	92.62	100.00
2611	92.62	100.00
2612	92.62	100.00
2613	92.62	100.00
2614	92.62	100.00
2615	92.62	100.00
2616	92.62	100.00
2617	92.62	100.00
2618	92.62	100.00
2619	92.62	100.00
2620	92.62	100.00
2621	92.62	100.00
2622	92.62	100.00
2623	92.62	100.00
2624	92.62	100.00
2625	92.62	100.00
2626	92.62	100.00
2627	92.62	100.00
2628	92.62	100.00
2629	92.62	100.00
2630	92.62	100.00
2631	92.62	100.00
2632	92.62	100.00
2633	92.62	100.00
2634	92.62	100.00
2635	92.62	100.00
2636	92.62	100.00
2637	92.62	100.00
2638	92.62	100.00
2639	92.62	100.00
2640	92.62	100.00
2641	92.62	100.00
2642	92.62	100.00
2643	92.62	100.00
2644	92.62	100.00
2645	92.62	100.00
2646	92.62	100.00
2647	92.62	100.00
2648	92.62	100.00
2649	92.62	100.00
2650	92.62	100.00
2651	92.62	100.00
2652	92.62	100.00
2653	92.62	100.00
2654	92.62	100.00
2655	92.62	100.00
2656	92.62	100.00
2657	92.62	100.00
2658	92.62	100.00
2659	92.62	100.00
2660	92.62	100.00
2661	92.62	100.00
2662	92.62	100.00
2663	92.62	100.00
2664	92.62	100.00
2665	92.62	100.00
2666	92.62	100.00
2667	92.62	100.00
2668	92.62	100.00
2669	92.62	100.00
2670	92.62	100.00
2671	92.62	100.00
2672	92.62	100.00
2673	92.62	100.00
2674	92.62	100.00
2675	92.62	100.00
2676	92.62	100.00
2677	92.62	100.00
2678	92.62	100.00
2679	92.62	100.00
2680	92.62	100.00
2681	92.62	100.00
2682	92.62	100.00
2683	92.62	100.00
2684	92.62	100.00
2685	92.62	100.00
2686	92.62	100.00
2687	92.62	100.00
2688	92.62	100.00
2689	92.62	100.00
2690	92.62	100.00
2691	92.62	100.00
2692	92.62	100.00
2693	92.62	100.00
2694	92.62	100.00
2695	92.62	100.00
2696	92.62	100.00
2697	92.62	100.00
2698	92.62	100.00
2699	92.62	100.00
2700	92.62	100.00
2701	92.62	100.00
2702	92.62	100.00
2703	92.62	100.00
2704	92.62	100.00
2705	92.62	100.00
2706	92.62	100.00
2707	92.62	100.00
2708	92.62	100.00
2709	92.62	100.00
2710	92.62	100.00
2711	92.62	100.00
2712	92.62	100.00
2713	92.62	100.00
2714	92.62	100.00
2715	92.62	100.00
2716	92.62	100.00
2717	92.62	100.00
2718	92.62	100.00
2719	92.62	100.00
2720	92.62	100.00
2721	92.62	100.00
2722	92.62	100.00
2723	92.62	100.00
2724	92.62	100.00
2725	92.62	100.00
2726	92.62	100.00
2727	92.62	100.00
2728	92.62	100.00
2729	92.62	100.00
2730	92.62	100.00
2731	92.62	100.00
2732	92.62	100.00
2733	92.62	100.00
2734	92.62	100.00
2735	92.62	100.00
2736	92.62	100.00
2737	92.62	100.00
2738	92.62	100.00
2739	92.62	100.00
2740	92.62	100.00
2741	92.62	100.00
2742	92.62	100.00
2743	92.62	100.00
2744	92.62	100.00
2745	92.62	100.00
2746	92.62	100.00
2747	92.62	100.00
2748	92.62	100.00
2749	92.62	100.00
2750	92.62	100.00
2751	92.62	100.00
2752	92.62	100.00
2753	92.62	100.00
2754	92.62	100.00
2755	92.62	100.00
2756	92.62	100.00
2757	92.62	100.00
2758	92.62	100.00
2759	92.62	100.00
2760	92.62	100.00
2761	92.62	100.00
2762	92.62	100.00
2763	92.62	100.00
2764	92.62	100.00
2765	92.62	100.00
2766	92.62	100.00
2767	92.62	100.00
2768	92.62	100.00
2769	92.62	100.00
2770	92.62	100.00
2771	92.62	100.00
2772	92.62	100.00
2773	92.62	100.00
2774	92.62	100.00
2775	92.62	100.00
2776	92.62	100.00
2777	92.62	100.00
2778	92.62	100.00
2779	92.62	100.00
2780	92.62	100.00
2781	92.62	100.00
2782	92.62	100.00
2783	92.62	100.00
2784	92.62	100.00
2785	92.62	100.00
2786	92.62	100.00
2787	92.62	100.00
2788	92.62	100.00
2789	92.62	100.00
2790	92.62	100.00
2791	92.62	100.00
2792	92.62	100.00
2793	92.62	100.00
2794	92.62	100.00
2795	92.62	100.00
2796	92.62	100.00
2797	92.62	100.00
2798	92.62	100.00
2799	92.62	100.00
2800	92.62	100.00
2801	92.62	100.00
2802	92.62	100.00
2803	92.62	100.00
2804	92.62	100.00
2805	92.62	100.00
2806	92.62	100.00
2807	92.62	100.00
2808	92.62	100.00
2809	92.62	100.00
2810	92.62	100.00
2811	92.62	100.00
2812	92.62	100.00
2813	92.62	100.00
2814	92.62	100.00
2815	92.62	100.00
2816	92.62	100.00
2817	92.62	100.00
2818	92.62	100.00
2819	92.62	100.00
2820	92.62	100.00
2821	92.62	100.00
2822	92.62	100.00
2823	92.62	100.00
2824	92.62	100.00
2825	92.62	100.00
2826	92.62	100.00
2827	92.62	100.00
2828	92.62	100.00
2829	92.62	100.00
2830	92.62	100.00
2831	92.62	100.00
2832	92.62	100.00
2833	92.62	100.00
2834	92.62	100.00
2835	92.62	100.00
2836	92.62	100.00
2837	92.62	100.00
2838	92.62	100.00
2839	92.62	100.00
2840	92.62	100.00
2841	92.62	100.00
2842	92.62	100.00
2843	92.62	100.00
2844	92.62	100.00
2845	92.62	100.00
2846	92.62	100.00
2847	92.62	100.00
2848	92.62	100.00
2849	92.62	100.00
2850	92.62	100.00
2851	92.62	100.00
2852	92.62	100.00
2853	92.62	100.00
2854	92.62	100.00
2855	92.62	100.00
2856	92.62	100.00
2857	92.62	100.00
2858	92.62	100.00
2859	92.62	100.00
2860	92.62	100.00
2861	92.62	100.00
2862	92.62	100.00
2863	92.62	100.00
2864	92.62	100.00
2865	92.62	100.00
2866	92.62	100.00
2867	92.62	100.00
2868	92.62	100.00
2869	92.62	100.00
2870	92.62	100.00
2871	92.62	100.00
2872	92.62	100.00
2873	92.62	100.00
2874	92.62	100.00
2875	92.62	100.00
2876	92.62	100.00
2877	92.62	100.00
2878	92.62	100.00
2879	92.62	100.00
2880	92.62	100.00
2881	92.62	100.00
2882	92.62	100.00
2883	92.62	100.00
2884	92.62	100.00
2885	92.62	100.00
2886	92.62	100.00
2887	92.62	100.00
2888	92.62	100.00
2889	92.62	100.00
2890	92.62	100.00
2891	92.62	100.00
2892	92.62	100.00
2893	92.62	100.00
2894	92.62	100.00
2895	92.62	100.00
2896	92.62	100.00
2897	92.62	100.00
2898	92.62	100.00
2899	92.62	100.00
2900	92.62	100.00
2901	92.62	100.00
2902	92.62	100.00
2903	92.62	100.00
2904	92.62	100.00
2905	92.62	100.00
2906	92.62	100.00
2907	92.62	100.00
2908	92.62	100.00
2909	92.62	100.00
2910	92.62	100.00
2911	92.62	100.00
2912	92.62	100.00
2913	92.62	100.00
2914	92.62	100.00
2915	92.62	100.00
2916	92.62	100.00
2917	92.62	100.00
2918	92.62	100.00
2919	92.62	100.00
2920	92.62	100.00
2921	92.62	100.00
2922	92.62	100.00
2923	92.62	100.00
2924	92.62	100.00
2925	92.62	100.00
2926	92.62	100.00
2927	92.62	100.00
2928	92.62	100.00
2929	92.62	100.00
2930	92.62	100.00
2931	92.62	100.00
2932	92.62	100.00
2933	92.62	100.00
2934	92.62	100.00
2935	92.62	100.00
2936	92.62	100.00
2937	92.62	100.00
2938	92.62	100.00
2939	92.62	100.00
2940	92.62	100.00
2941	92.62	100.00
2942	92.62	100.00
2943	92.62	100.00
2944	92.62	100.00
2945	92.62	100.00
2946	92.62	100.00
2947	92.62	100.00
2948	92.62	100.00
2949	92.62	100.00
2950	92.62	100.00
2951	92.62	100.00
2952	92.62	100.00
2953	92.62	100.00
2954	92.62	100.00
2955	92.62	100.00
2956	92.62	100.00
2957	92.62	100.00
2958	92.62	100.00
2959	92.62	100.00
2960	92.62	100.00
2961	92.62	100.00
2962	92.62	100.00
2963	92.62	100.00
2964	92.62	100.00
2965	92.62	100.00
2966	92.62	100.00
2967	92.62	100.00
2968	92.62	100.00
2969	92.62	100.00
2970	92.62	100.00
2971	92.62	100.00
2972	92.62	100.00
2973	92.62	100.00
2974	92.62	100.00
2975	92.62	100.00
2976	92.62	100.00
2977	92.62	100.00
2978	92.62	100.00
2979	92.62	100.00
2980	92.62	100.00
2981	92.62	100.00
2982	92.62	100.00
2983	92.62	100.00
2984	92.62	100.00
2985	92.62	100.00
2986	92.62	100.00
2987	92.62	100.00
2988	92.62	100.00
2989	92.62	100.00
2990	92.62	100.00
2991	92.62	100.00
2992	92.62	100.00
2993	92.62	100.00
2994	92.62	100.00
2995	92.62	100.00
2996	92.62	100.00
2997	92.62	100.00
2998	92.62	100.00
2999	92.62	100.00
3000	92.62	100.00
3001	92.62	100.00
3002	92.62	100.00
3003	92.62	100.00
3004	92.62	100.00
3005	92.62	100.00
3006	92.62	100.00
3007	92.62	100.00
3008	92.62	100.00
3009	92.62	100.00
3010	92.62	100.00
3011	92.62	100.00
3012	92.62	100.00
3013	92.62	100.00
3014	92.62	100.00
3015	92.62	100.00
3016	92.62	100.00
3017	92.62	100.00
3018	92.62	100.00
3019	92.62	100.00
3020	92.62	100.00
3021	92.62	100.00
3022	92.62	100.00
3023	92.62	100.00
3024	92.62	100.00
3025	92.62	100.00
3026	92.62	100.00
3027	92.62	100.00
3028	92.62	100.00
3029	92.62	100.00
3030	92.62	100.00
3031	92.62	100.00
3032	92.62	100.00
3033	92.62	100.00
3034	92.62	100.00
3035	92.62	100.00
3036	92.62	100.00
3037	92.62	100.00
3038	92.62	100.00
3039	92.62	100.00
3040	92.62	100.00
3041	92.62	100.00
3042	92.62	100.00
3043	92.62	100.00
3044	92.62	100.00
3045	92.62	100.00
3046	92.62	100.00
3047	92.62	100.00
3048	92.62	100.00
3049	92.62	100.00
3050	92.62	100.00
3051	92.62	100.00
3052	92.62	100.00
3053	92.62	100.00
3054	92.62	100.00
3055	92.62	100.00
3056	92.62	100.00
3057	92.62	100.00
3058	92.62	100.00
3059	92.62	100.00
3060	92.62	100.00
3061	92.62	100.00
3062	92.62	100.00
3063	92.62	100.00
3064	92.62	100.00
3065	92.62	100.00
3066	92.62	100.00
3067	92.62	100.00
3068	92.62	100.00
3069	92.62	100.00
3070	92.62	100.00
3071	92.62	100.00
3072	92.62	100.00
3073	92.62	100.00
3074	92.62	100.00
3075	92.62	100.00
3076	92.62	100.00
3077	92.62	100.00
3078	92.62	100.00
3079	92.62	100.00
3080	92.62	100.00
3081	92.62	100.00
3082	92.62	100.00
3083	92.62	100.00
3084	92.62	100.00
3085	92.62	100.00
3086	92.62	100.00
3087	92.62	100.00
3088	92.62	100.00
3089	92.62	100.00
3090	92.62	100.00
3091	92.62	100.00
3092	92.62	100.00
3093	92.62	100.00
3094	92.62	100.00
3095	92.62	100.00
3096	92.62	100.00
3097	92.62	100.00
3098	92.62	100.00
3099	92.62	100.00
3100	92.62	100.00
3101	92.62	100.00
3102	92.62	100.00
3103	92.62	100.00
3104	92.62	100.00
3105	92.62	100.00
3106	92.62	100.00
3107	92.62	100.00
3108	92.62	100.00
3109	92.62	100.00
3110	92.62	100.00
3111	92.62	100.00
3112	92.62	100.00
3113	92.62	100.00
3114	92.62	100.00
3115	92.62	100.00
3116	92.62	100.00
3117	92.62	100.00
3118	92.62	100.00
3119	92.62	100.00
3120	92.62	100.00
3121	92.62	100.00
3122	92.62	100.00
3123	92.62	100.00
3124	92.62	100.00
3125	92.62	100.00
3126	92.62	100.00
3127	92.62	100.00
3128	92.62	100.00
3129	92.62	100.00
3130	92.62	100.00
3131	92.62	100.00
3132	92.62	100.00
3133	92.62	100.00
3134	92.62	100.00
3135	92.62	100.00
3136	92.62	100.00
3137	92.62	100.00
3138	92.62	100.00
3139	92.62	100.00
3140	92.62	100.00
3141	92.62	100.00
3142	92.62	100.00
3143	92.62	100.00
3144	92.62	100.00
3145	92.62	100.00
3146	92.62	100.00
3147	92.62	100.00
3148	92.62	100.00
3149	92.62	100.00
3150	92.62	100.00
3151	92.62	100.00
3152	92.62	100.00
3153	92.62	100.00
3154	92.62	100.00
3155	92.62	100.00
3156	92.62	100.00
3157	92.62	100.00
3158	92.62	100.00
3159	92.62	100.00
3160	92.62	100.00
3161	92.62	100.00
3162	92.62	100.00
3163	92.62	100.00
3164	92.62	100.00
3165	92.62	100.00
3166	92.62	100.00
3167	92.62	100.00
3168	92.62	100.00
3169	92.62	100.00
3170	92.62	100.00
3171	92.62	100.00
3172	92.62	100.00
3173	92.62	100.00
3174	92.62	100.00
3175	92.62	100.00
3176	92.62	100.00
3177	92.62	100.00
3178	92.62	100.00
3179	92.62	100.00
3180	92.62	100.00
3181	92.62	100.00
3182	92.62	100.00
3183	92.62	100.00
3184	92.62	100.00
3185	92.62	100.00
3186	92.62	100.00
3187	92.62	100.00
3188	92.62	100.00
3189	92.62	100.00
3190	92.62	100.00
3191	92.62	100.00
3192	92.62	100.00
3193	92.62	100.00
3194	92.62	100.00
3195	92.62	100.00
3196	92.62	100.00
3197	92.62	100.00
3198	92.62	100.00
3199	92.62	100.00
3200	92.62	100.00
3201	92.62	100.00
3202	92.62	100.00
3203	92.62	100.00
3204	92.62	100.00
3205	92.62	100.00
3206	92.62	100.00
3207	92.62	100.00
3208	92.62	100.00
3209	92.62	100.00
3210	92.62	100.00
3211	92.62	100.00
3212	92.62	100.00
3213	92.62	100.00
3214	92.62	100.00
3215	92.62	100.00
3216	92.62	100.00
3217	92.62	100.00
3218	92.62	100.00
3219	92.62	100.00
3220	92.62	100.00
3221	92.62	100.00
3222	92.62	100.00
3223	92.62	100.00
3224	92.62	100.00
3225	92.62	100.00
3226	92.62	100.00
3227	92.62	100.00
3228	92.62	100.00
3229	92.62	100.00
3230	92.62	100.00
3231	92.62	100.00
3232	92.62	100.00
3233	92.62	100.00
3234	92.62	100.00
3235	92.62	100.00
3236	92.62	100.00
3237	92.62	100.00
3238	92.62	100.00
3239	92.62	100.00
3240	92.62	100.00
3241	92.62	100.00
3242	92.62	100.00
3243	92.62	100.00
3244	92.62	100.00
3245	92.62	100.00
3246	92.62	100.00
3247	92.62	100.00
3248	92.62	100.00
3249	92.62	100.00
3250	92.62	100.00
3251	92.62	100.00
3252	92.62	100.00
3253	92.62	100.00
3254	92.62	100.00
3255	92.62	100.00
3256	92.62	100.00
3257	92.62	100.00
3258	92.62	100.00
3259	92.62	100.00
3260	92.62	100.00
3261	92.62	100.00
3262	92.62	100.00
3263	92.62	100.00
3264	92.62	100.00
3265	92.62	100.00
3266	92.62	100.00
3267	92.62	100.00
3268	92.62	100.00
3269	92.62	100.00
3270	92.62	100.00
3271	92.62	100.00
3272	92.62	100.00
3273	92.62	100.00
3274	92.62	100.00
3275	92.62	100.00
3276	92.62	100.00
3277	92.62	100.00
3278	92.62	100.00
3279	92.62	100.00
3280	92.62	100.00
3281	92.62	100.00
3282	92.62	100.00
3283	92.62	100.00
3284	92.62	100.00
3285	92.62	100.00
3286	92.62	100.00
3287	92.62	100.00
3288	92.62	100.00
3289	92.62	100.00
3290	92.62	100.00
3291	92.62	100.00
3292	92.62	100.00
3293	92.62	100.00
3294	92.62	100.00
3295	92.62	100.00
3296	92.62	100.00
3297	92.62	100.00
3298	92.62	100.00
3299	92.62	100.00
3300	92.62	100.00
3301	92.62	100.00
3302	92.62	100.00
3303	92.62	100.00
3304	92.62	100.00
3305	92.62	100.00
3306	92.62	100.00
3307	92.62	100.00
3308	92.62	100.00
3309	92.62	100.00
3310	92.62	100.00
3311	92.62	100.00
3312	92.62	100.00
3313	92.62	100.00
3314	92.62	100.00
3315	92.62	100.00
3316	92.62	100.00
3317	92.62	100.00
3318	92.62	100.00
3319	92.62	100.00
3320	92.62	100.00
3321	92.62	100.00
3322	92.62	100.00
3323	92.62	100.00
3324	92.62	100.00
3325	92.62	100.00
3326	92.62	100.00
3327	92.62	100.00
3328	92.62	100.00
3329	92.62	100.00
3330	92.62	100.00
3331	92.62	100.00
3332	92.62	100.00
3333	92.62	100.00
3334	92.62	100.00
3335	92.62	100.00
3336	92.62	100.00
3337	92.62	100.00
3338	92.62	100.00
3339	92.62	100.00
3340	92.62	100.00
3341	92.62	100.00
3342	92.62	100.00
3343	92.62	100.00
3344	92.62	100.00
3345	92.62	100.00
3346	92.62	100.00
3347	92.62	100.00
3348	92.62	100.00
3349	92.62	100.00
3350	92.62	100.00
3351	92.62	100.00
3352	92.62	100.00
3353	92.62	100.00
3354	92.62	100.00
3355	92.62	100.00
3356	92.62	100.00
3357	92.62	100.00
3358	92.62	100.00
3359	92.62	100.00
3360	92.62	100.00
3361	92.62	100.00
3362	92.62	100.00
3363	92.62	100.00
3364	92.62	100.00
3365	92.62	100.00
3366	92.62	100.00
3367	92.62	100.00
3368	92.62	100.00
3369	92.62	100.00
3370	92.62	100.00
3371	92.62	100.00
3372	92.62	100.00
3373	92.62	100.00
3374	92.62	100.00
3375	92.62	100.00
3376	92.62	100.00
3377	92.62	100.00
3378	92.62	100.00
3379	92.62	100.00
3380	92.62	100.00
3381	92.62	100.00
3382	92.62	100.00
3383	92.62	100.00
3384	92.62	100.00
3385	92.62	100.00
3386	92.62	100.00
3387	92.62	100.00
3388	92.62	100.00
3389	92.62	100.00
3390	92.62	100.00
3391	92.62	100.00
3392	92.62	100.00
3393	92.62	100.00
3394	92.62	100.00
3395	92.62	100.00
3396	92.62	100.00
3397	92.62	100.00
3398	92.62	100.00
3399	92.62	100.00
3400	92.62	100.00
3401	92.62	100.00
3402	92.62	100.00
3403	92.62	100.00
3404	92.62	100.00
3405	92.62	100.00
3406	92.62	100.00
3407	92.62	100.00
3408	92.62	100.00
3409	92.62	100.00
3410	92.62	100.00
3411	92.62	100.00
3412	92.62	100.00
3413	92.62	100.00
3414	92.62	100.00
3415	92.62	100.00
3416	92.62	100.00
3417	92.62	100.00
3418	92.62	100.00
3419	92.62	100.00
3420	92.62	100.00
3421	92.62	100.00
3422	92.62	100.00
3423	92.62	100.00
3424	92.62	100.00
3425	92.62	100.00
3426	92.62	100.00
3427	92.62	100.00
3428	92.62	100.00
3429	92.62	100.00
3430	92.62	100.00
3431	92.62	100.00
3432	92.62	100.00
3433	92.62	100.00
3434	92.62	100.00
3435	92.62	100.00
3436	92.62	100.00
3437	92.62	100.00
3438	92.62	100.00
3439	92.62	100.00
3440	92.62	100.00
3441	92.62	100.00
3442	92.62	100.00
3443	92.62	100.00
3444	92.62	100.00
3445	92.62	100.00
3446	92.62	100.00
3447	92.62	100.00
3448	92.62	100.00
3449	92.62	100.00
3450	92.62	100.00
3451	92.62	100.00
3452	92.62	100.00
3453	92.62	100.00
3454	92.62	100.00
3455	92.62	100.00
3456	92.62	100.00
3457	92.62	100.00
3458	92.62	100.00
3459	92.62	100.00
3460	92.62	100.00
3461	92.62	100.00
3462	92.62	100.00
3463	92.62	100.00
3464	92.62	100.00
3465	92.62	100.00
3466	92.62	100.00
3467	92.62	100.00
3468	92.62	100.00
3469	92.62	100.00
3470	92.62	100.00
3471	92.62	100.00
3472	92.62	100.00
3473	92.62	100.00
3474	92.62	100.00
3475	92.62	100.00
3476	92.62	100.00
3477	92.62	100.00
3478	92.62	100.00
3479	92.62	100.00
3480	92.62	100.00
3481	92.62	100.00
3482	92.62	100.00
3483	92.62	100.00
3484	92.62	100.00
3485	92.62	100.00
3486	92.62	100.00
3487	92.62	100.00
3488	92.62	100.00
3489	92.62	100.00
3490	92.62	100.00
3491	92.62	100.00
3492	92.62	100.00
3493	92.62	100.00
3494	92.62	100.00
3495	92.62	100.00
3496	92.62	100.00
3497	92.62	100.00
3498	92.62	100.00
3499	92.62	100.00
3500	92.62	100.00
3501	92.62	100.00
3502	92.62	100.00
3503	92.62	100.00
3504	92.62	100.00
3505	92.62	100.00
3506	92.62	100.00
3507	92.62	100.00
3508	92.62	100.00
3509	92.62	100.00
3510	92.62	100.00
3511	92.62	100.00
3512	92.62	100.00
3513	92.62	100.00
3514	92.62	100.00
3515	92.62	100.00
3516	92.62	100.00
3517	92.62	100.00
3518	92.62	100.00
3519	92.62	100.00
3520	92.62	100.00
3521	92.62	100.00
3522	92.62	100.00
3523	92.62	100.00
3524	92.62	100.00
3525	92.62	100.00
3526	92.62	100.00
3527	92.62	100.00
3528	92.62	100.00
3529	92.62	100.00
3530	92.62	100.00
3531	92.62	100.00
3532	92.62	100.00
3533	92.62	100.00
3534	92.62	100.00
3535	92.62	100.00
3536	92.62	100.00
3537	92.62	100.00
3538	92.62	100.00
3539	92.62	100.00
3540	92.62	100.00
3541	92.62	100.00
3542	92.62	100.00
3543	92.62	100.00
3544	92.62	100.00
3545	92.62	100.00
3546	92.62	100.00
3547	92.62	100.00
3548	92.62	100.00
3549	92.62	100.00
3550	92.62	100.00
3551	92.62	100.00
3552	92.62	100.00
3553	92.62	100.00
3554	92.62	100.00
3555	92.62	100.00
3556	92.62	100.00
3557	92.62	100.00
3558	92.62	100.00
3559	92.62	100.00
3560	92.62	100.00
3561	92.62	100.00
3562	92.62	100.00
3563	92.62	100.00
3564	92.62	100.00
3565	92.62	100.00
3566	92.62	100.00
3567	92.62	100.00
3568	92.62	100.00
3569	92.62	100.00
3570	92.62	100.00
3571	92.62	100.00
3572	92.62	100.00
3573	92.62	100.00
3574	92.62	100.00
3575	92.62	100.00
3576	92.62	100.00
3577	92.62	100.00
3578	92.62	100.00
3579	92.62	100.00
3580	92.62	100.00
3581	92.62	100.00
3582	92.62	100.00
3583	92.62	100.00
3584	92.62	100.00
3585	92.62	100.00
3586	92.62	100.00
3587	92.62	100.00
3588	92.62	100.00
3589	92.62	100.00
3590	92.62	100.00
3591	92.62	100.00
3592	92.62	100.00
3593	92.62	100.00
3594	92.62	100.00
3595	92.62	100.00
3596	92.62	100.00
3597	92.62	100.00
3598	92.62	100.00
3599	92.62	100.00
3600	92.62	100.00
3601	92.62	100.00
3602	92.62	100.00
3603	92.62	100.00
3604	92.62	100.00
3605	92.62	100.00
3606	92.62	100.00
3607	92.62	100.00
3608	92.62	100.00
3609	92.62	100.00
3610	92.62	100.00
3611	92.62	100.00
3612	92.62	100.00
3613	92.62	100.00
3614	92.62	100.00
3615	92.62	100.00
3616	92.62	100.00
3617	92.62	100.00
3618	92.62	100.00
3619	92.62	100.00
3620	92.62	100.00
3621	92.62	100.00
3622	92.62	100.00
3623	92.62	100.00
3624	92.62	100.00
3625	92.62	100.00
3626	92.62	100.00
3627	92.62	100.00
3628	92.62	100.00
3629	92.62	100.00
3630	92.62	100.00
3631	92.62	100.00
3632	92.62	100.00
3633	92.62	100.00
3634	92.62	100.00
3635	92.62	100.00
3636	92.62	100.00
3637	92.62	100.00
3638	92.62	100.00
3639	92.62	100.00
3640	92.62	100.00
3641	92.62	100.00
3642	92.62	100.00
3643	92.62	100.00
3644	92.62	100.00
3645	92.62	100.00
3646	92.62	100.00
3647	92.62	100.00
3648	92.62	100.00
3649	92.62	100.00
3650	92.62	100.00
3651	92.62	100.00
3652	92.62	100.00
3653	92.62	100.00
3654	92.62	100.00
3655	92.62	100.00
3656	92.62	100.00
3657	92.62	100.00
3658	92.62	100.00
3659	92.62	100.00
3660	92.62	100.00
3661	92.62	100.00
3662	92.62	100.00
3663	92.62	100.00
3664	92.62	100.00
3665	92.62	100.00
3666	92.62	100.00
3667	92.62	100.00
3668	92.62	100.00
3669	92.62	100.00
3670	92.62	100.00
3671	92.62	100.00
3672	92.62	100.00
3673	92.62	100.00
3674	92.62	100.00
3675	92.62	100.00
3676	92.62	100.00
3677	92.62	100.00
3678	92.62	100.00
3679	92.62	100.00
3680	92.62	100.00
3681	92.62	100.00
3682	92.62	100.00
3683	92.62	100.00
3684	92.62	100.00
3685	92.62	100.00
3686	92.62	100.00
3687	92.62	100.00
3688	92.62	100.00
3689	92.62	100.00
3690	92.62	100.00
3691	92.62	100.00
3692	92.62	100.00
3693	92.62	100.00
3694	92.62	100.00
3695	92.62	100.00
3696	92.62	100.00
3697	92.62	100.00
3698	92.62	100.00
3699	92.62	100.00
3700	92.62	100.00
3701	92.62	100.00
3702	92.62	100.00
3703	92.62	100.00
3704	92.62	100.00
3705	92.62	100.00
3706	92.62	100.00
3707	92.62	100.00
3708	92.62	100.00
3709	92.62	100.00
3710	92.62	100.00
3711	92.62	100.00
3712	92.62	100.00
3713	92.62	100.00
3714	92.62	100.00
3715	92.62	100.00
3716	92.62	100.00
3717	92.62	100.00
3718	92.62	100.00
3719	92.62	100.00
3720	92.62	100.00
3721	92.62	100.00
3722	92.62	100.00
3723	92.62	100.00
3724	92.62	100.00
3725	92.62	100.00
3726	92.62	100.00
3727	92.62	100.00
3728	92.62	100.00
3729	92.62	100.00
3730	92.62	100.00
3731	92.62	100.00
3732	92.62	100.00
3733	92.62	100.00
3734	92.62	100.00
3735	92.62	100.00
3736	92.62	100.00
3737	92.62	100.00
3738	92.62	100.00
3739	92.62	100.00
3740	92.62	100.00
3741	92.62	100.00
3742	92.62	100.00
3743	92.62	100.00
3744	92.62	100.00
3745	92.62	100.00
3746	92.62	100.00
3747	92.62	100.00
3748	92.62	100.00
3749	92.62	100.00
3750	92.62	100.00
3751	92.62	100.00
3752	92.62	100.00
3753	92.62	100.00
3754	92.62	100.00
3755	92.62	100.00
3756	92.62	100.00
3757	92.62	100.00
3758	92.62	100.00
3759	92.62	100.00
3760	92.62	100.00
3761	92.62	100.00
3762	92.62	100.00
3763	92.62	100.00
3764	92.62	100.00
3765	92.62	100.00
3766	92.62	100.00
3767	92.62	100.00
3768	92.62	100.00
3769	92.62	100.00
3770	92.62	100.00
3771	92.62	100.00
3772	92.62	100.00
3773	92.62	100.00
3774	92.62	100.00
3775	92.62	100.00
3776	92.62	100.00
3777	92.62	100.00
3778	92.62	100.00
3779	92.62	100.00
3780	92.62	100.00
3781	92.62	100.00
3782	92.62	100.00
3783	92.62	100.00
3784	92.62	100.00
3785	92.62	100.00
3786	92.62	100.00
3787	92.62	100.00
3788	92.62	100.00
3789	92.62	100.00
3790	92.62	100.00
3791	92.62	100.00
3792	92.62	100.00
3793	92.62	100.00
3794	92.62	100.00
3795	92.62	100.00
3796	92.62	100.00
3797	92.62	100.00
3798	92.62	100.00
3799	92.62	100.00
3800	92.62	100.00
3801	92.62	100.00
3802	92.62	100.00
3803	92.62	100.00
3804	92.62	100.00
3805	92.62	100.00
3806	92.62	100.00
3807	92.62	100.00
3808	92.62	100.00
3809	92.62	100.00
3810	92.62	100.00
3811	92.62	100.00
3812	92.62	100.00
3813	92.62	100.00
3814	92.62	100.00
3815	92.62	100.00
3816	92.62	100.00
3817	92.62	100.00
3818	92.62	100.00
3819	92.62	100.00
3820	92.62	100.00
3821	92.62	100.00
3822	92.62	100.00
3823	92.62	100.00
3824	92.62	100.00
3825	92.62	100.00
3826	92.62	100.00
3827	92.62	100.00
3828	92.62	100.00
3829	92.62	100.00
3830	92.62	100.00
3831	92.62	100.00
3832	92.62	100.00
3833	92.62	100.00
3834	92.62	100.00
3835	92.62	100.00
3836	92.62	100.00
3837	92.62	100.00
3838	92.62	100.00
3839	92.62	100.00
3840	92.62	100.00
3841	92.62	100.00
3842	92.62	100.00
3843	92.62	100.00
3844	92.62	100.00
3845	92.62	100.00
3846	92.62	100.00
3847	92.62	100.00
3848	92.62	100.00
3849	92.62	100.00
3850	92.62	100.00
3851	92.62	100.00
3852	92.62	100.00
3853	92.62	100.00
3854	92.62	100.00
3855	92.62	100.00
3856	92.62	100.00
3857	92.62	100.00
3858	92.62	100.00
3859	92.62	100.00
3860	92.62	100.00
3861	92.62	100.00
3862	92.62	100.00
3863	92.62	100.00
3864	92.62	100.00
3865	92.62	100.00
3866	92.62	100.00
3867	92.62	100.00
3868	92.62	100.00
3869	92.62	100.00
3870	92.62	100.00
3871	92.62	100.00
3872	92.62	100.00
3873	92.62	100.00
3874	92.62	100.00
3875	92.62	100.00
3876	92.62	100.00
3877	92.62	100.00
3878	92.62	100.00
3879	92.62	100.00
3880	92.62	100.00
3881	92.62	100.00
3882	92.62	100.00
3883	92.62	100.00
3884	92.62	100.00
3885	92.62	100.00
3886	92.62	100.00
3887	92.62	100.00
3888	92.62	100.00
3889	92.62	100.00
3890	92.62	100.00
3891	92.62	100.00
3892	92.62	100.00
3893	92.62	100.00
3894	92.62	100.00
3895	92.62	100.00
3896	92.62	100.00
3897	92.62	100.00
3898	92.62	100.00
3899	92.62	100.00
3900	92.62	100.00
3901	92.62	100.00
3902	92.62	100.00
3903	92.62	100.00
3904	92.62	100.00
3905	92.62	100.00
3906	92.62	100.00
3907	92.62	100.00
3908	92.62	100.00
3909	92.62	100.00
3910	92.62	100.00
3911	92.62	100.00
3912	92.62	100.00
3913	92.62	100.00
3914	92.62	100.00
3915	92.62	100.00
3916	92.62	100.00
3917	92.62	100.00
3918	92.62	100.00
3919	92.62	100.00
3920	92.62	100.00
3921	92.62	100.00
3922	92.62	100.00
3923	92.62	100.00
3924	92.62	100.00
3925	92.62	100.00
3926	92.62	100.00
3927	92.62	100.00
3928	92.62	100.00
3929	92.62	100.00
3930	92.62	100.00
3931	92.62	100.00
3932	92.62	100.00
3933	92.62	100.00
3934	92.62	100.00
3935	92.62	100.00
3936	92.62	100.00
3937	92.62	100.00
3938	92.62	100.00
3939	92.62	100.00
3940	92.62	100.00
3941	92.62	100.00
3942	92.62	100.00
3943	92.62	100.00
3944	92.62	100.00
3945	92.62	100.00
3946	92.62	100.00
3947	92.62	100.00
3948	92.62	100.00
3949	92.62	100.00
3950	92.62	100.00
3951	92.62	100.00
3952	92.62	100.00
3953	92.62	100.00
3954	92.62	100.00
3955	92.62	100.00
3956	92.62	100.00
3957	92.62	100.00
3958	92.62	100.00
3959	92.62	100.00
3960	92.62	100.00
3961	92.62	100.00
3962	92.62	100.00
3963	92.62	100.00
3964	92.62	100.00
3965	92.62	100.00
3966	92.62	100.00
3967	92.62	100.00
3968	92.62	100.00
3969	92.62	100.00
3970	92.62	100.00
3971	92.62	100.00
3972	92.62	100.00
3973	92.62	100.00
3974	92.62	100.00
3975	92.62	100.00
3976	92.62	100.00
3977	92.62	100.00
3978	92.62	100.00
3979	92.62	100.00
3980	92.62	100.00
3981	92.62	100.00
3982	92.62	100.00
3983	92.62	100.00
3984	92.62	100.00
3985	92.62	100.00
3986	92.62	100.00
3987	92.62	100.00
3988	92.62	100.00
3989	92.62	100.00
3990	92.62	100.00
3991	92.62	100.00
3992	92.62	100.00
3993	92.62	100.00
3994	92.62	100.00
3995	92.62	100.00
3996	92.62	100.00
3997	92.62	100.00
3998	92.62	100.00
3999	92.62	100.00
4000	92.62	100.00
4001	92.62	100.00
4002	92.62	100.00
4003	92.62	100.00
4004	92.62	100.00
4005	92.62	100.00
4006	92.62	100.00
4007	92.62	100.00
4008	92.62	100.00
4009	92.62	100.00
4010	92.62	100.00
4011	92.62	100.00
4012	92.62	100.00
4013	92.62	100.00
4014	92.62	100.00
4015	92.62	100.00
4016	92.62	100.00
4017	92.62	100.00
4018	92.62	100.00
4019	92.62	100.00
4020	92.62	100.00
4021	92.62	100.00
4022	92.62	100.00
4023	92.62	100.00
4024	92.62	100.00
4025	92.62	100.00
4026	92.62	100.00
4027	92.62	100.00
4028	92.62	100.00
4029	92.62	100.00
4030	92.62	100.00
4031	92.62	100.00
4032	92.62	100.00
4033	92.62	100.00
4034	92.62	100.00
4035	92.62	100.00
4036	92.62	100.00
4037	92.62	100.00
4038	92.62	100.00
4039	92.62	100.00
4040	92.62	100.00
4041	92.62	100.00
4042	92.62	100.00
4043	92.62	100.00
4044	92.62	100.00
4045	92.62	100.00
4046	92.62	100.00
4047	92.62	100.00
4048	92.62	100.00
4049	92.62	100.00
4050	92.62	100.00
4051	92.62	100.00
4052	92.62	100.00
4053	92.62	100.00
4054	92.62	100.00
4055	92.62	100.00
4056	92.62	100.00
4057	92.62	100.00
4058	92.62	100.00
4059	92.62	100.00
4060	92.62	100.00
4061	92.62	100.00
4062	92.62	100.00
4063	92.62	100.00
4064	92.62	100.00
4065	92.62	100.00
4066	92.62	100.00
4067	92.62	100.00
4068	92.62	100.00
4069	92.62	100.00
4070	92.62	100.00
4071	92.62	100.00
4072	92.62	100.00
4073	92.62	100.00
4074	92.62	100.00
4075	92.62	100.00
4076	92.62	100.00
4077	92.62	100.00
4078	92.62	100.00
4079	92.62	100.00
4080	92.62	100.00
4081	92.62	100.00
4082	92.62	100.00
4083	92.62	100.00
4084	92.62	100.00
4085	92.62	100.00
4086	92.62	100.00
4087	92.62	100.00
4088	92.62	100.00
4089	92.62	100.00
4090	92.62	100.00
4091	92.62	100.00
4092	92.62	100.00
4093	92.62	100.00
4094	92.62	100.00
4095	92.62	100.00
4096	92.62	100.00
4097	92.62	100.00
4098	92.62	100.00
4099	92.62	100.00
4100	92.62	100.00
4101	92.62	100.00
4102	92.62	100.00
4103	92.62	100.00
4104	92.62	100.00
4105	92.62	100.00
4106	92.62	100.00
4107	92.62	100.00
4108	92.62	100.00
4109	92.62	100.00
4110	92.62	100.00
4111	92.62	100.00
4112	92.62	100.00
4113	92.62	100.00
4114	92.62	100.00
4115	92.62	100.00
4116	92.62	100.00
4117	92.62	100.00
4118	92.62	100.00
4119	92.62	100.00
4120	92.62	100.00
4121	92.62	100.00
4122	92.62	100.00
4123	92.62	100.00
4124	92.62	100.00
4125	92.62	100.00
4126	92.62	100.00
4127	92.62	100.00
4128	92.62	100.00
4129	92.62	100.00
4130	92.62	100.00
4131	92.62	100.00
4132	92.62	100.00
4133	92.62	100.00
4134	92.62	100.00
4135	92.62	100.00
4136	92.62	100.00
4137	92.62	100.00
4138	92.62	100.00
4139	92.62	100.00
4140	92.62	100.00
4141	92.62	100.00
4142	92.62	100.00
4143	92.62	100.00
4144	92.62	100.00
4145	92.62	100.00
4146	92.62	100.00
4147	92.62	100.00
4148	92.62	100.00
4149	92.62	100.00
4150	92.62	100.00
4151	92.62	100.00
4152	92.62	100.00
4153	92.62	100.00
4154	92.62	100.00
4155	92.62	100.00
4156	92.62	100.00
4157	92.62	100.00
4158	92.62	100.00
4159	92.62	100.00
4160	92.62	100.00
4161	92.62	100.00
4162	92.62	100.00
4163	92.62	100.00
4164	92.62	100.00
4165	92.62	100.00
4166	92.62	100.00
4167	92.62	100.00
4168	92.62	100.00
4169	92.62	100.00
4170	92.62	100.00
4171	92.62	100.00
4172	92.62	100.00
4173	92.62	100.00
4174	92.62	100.00
4175	92.62	100.00
4176	92.62	100.00
4177	92.62	100.00
4178	92.62	100.00
4179	92.62	100.00
4180	92.62	100.00
4181	92.62	100.00
4182	92.62	100.00
4183	92.62	100.00
4184	92.62	100.00
4185	92.62	100.00
4186	92.62	100.00
4187	92.62	100.00
4188	92.62	100.00
4189	92.62	100.00
4190	92.62	100.00
4191	92.62	100.00
4192	92.62	100.00
4193	92.62	100.00
4194	92.62	100.00
4195	92.62	100.00
4196	92.62	100.00
4197	92.62	100.00
4198	92.62	100.00
4199	92.62	100.00
4200	92.62	100.00
4201	92.62	100.00
4202	92.62	100.00
4203	92.62	100.00
4204	92.62	100.00
4205	92.62	100.00
4206	92.62	100.00
4207	92.62	100.00
4208	92.62	100.00
4209	92.62	100.00
4210	92.62	100.00
4211	92.62	100.00
4212	92.62	100.00
4213	92.62	100.00
4214	92.62	100.00
4215	92.62	100.00
4216	92.62	100.00
4217	92.62	100.00
4218	92.62	100.00
4219	92.62	100.00
4220	92.62	100.00
4221	92.62	100.00
4222	92.62	100.00
4223	92.62	100.00
4224	92.62	100.00
4225	92.62	100.00
4226	92.62	100.00
4227	92.62	100.00
4228	92.62	100.00
4229	92.62	100.00
4230	92.62	100.00
4231	92.62	100.00
4232	92.62	100.00
4233	92.62	100.00
4234	92.62	100.00
4235	92.62	100.00
4236	92.62	100.00
4237	92.62	100.00
4238	92.62	100.00
4239	92.62	100.00
4240	92.62	100.00
4241	92.62	100.00
4242	92.62	100.00
4243	92.62	100.00
4244	92.62	100.00
4245	92.62	100.00
4246	92.62	100.00
4247	92.62	100.00
4248	92.62	100.00
4249	92.62	100.00
4250	92.62	100.00
4251	92.62	100.00
4252	92.62	100.00
4253	92.62	100.00
4254	92.62	100.00
4255	92.62	100.00
4256	92.62	100.00
4257	92.62	100.00
4258	92.62	100.00
4259	92.62	100.00
4260	92.62	100.00
4261	92.62	100.00
4262	92.62	100.00
4263	92.62	100.00
4264	92.62	100.00
4265	92.62	100.00
4266	92.62	100.00
4267	92.62	100.00
4268	92.62	100.00
4269	92.62	100.00
4270	92.62	100.00
4271	92.62	100.00
4272	92.62	100.00
4273	92.62	100.00
4274	92.62	100.00
4275	92.62	100.00
4276	92.62	100.00
4277	92.62	100.00
4278	92.62	100.00
4279	92.62	100.00
4280	92.62	100.00
4281	92.62	100.00
4282	92.62	100.00
4283	92.62	100.00
4284	92.62	100.00
4285	92.62	100.00
4286	92.62	100.00
4287	92.62	100.00
4288	92.62	100.00
4289	92.62	100.00
4290	92.62	100.00
4291	92.62	100.00
4292	92.62	100.00
4293	92.62	100.00
4294	92.62	100.00
4295	92.62	100.00
4296	92.62	100.00
4297	92.62	100.00
4298	92.62	100.00
4299	92.62	100.00
4300	92.62	100.00
4301	92.62	100.00
4302	92.62	100.00
4303	92.62	100.00
4304	92.62	100.00
4305	92.62	100.00
4306	92.62	100.00
4307	92.62	100.00
4308	92.62	100.00
4309	92.62	100.00
4310	92.62	100.00
4311	92.62	100.00
4312	92.62	100.00
4313	92.62	100.00
4314	92.62	100.00
4315	92.62	100.00
4316	92.62	100.00
4317	92.62	100.00
4318	92.62	100.00
4319	92.62	100.00
4320	92.62	100.00
4321	92.62	100.00
4322	92.62	100.00
4323	92.62	100.00
4324	92.62	100.00
4325	92.62	100.00
4326	92.62	100.00
4327	92.62	100.00
4328	92.62	100.00
4329	92.62	100.00
4330	92.62	100.00
4331	92.62	100.00
4332	92.62	100.00
4333	92.62	100.00
4334	92.62	100.00
4335	92.62	100.00
4336	92.62	100.00
4337	92.62	100.00
4338	92.62	100.00
4339	92.62	100.00
4340	92.62	100.00
4341	92.62	100.00
4342	92.62	100.00
4343	92.62	100.00
4344	92.62	100.00
4345	92.62	100.00
4346	92.62	100.00
4347	92.62	100.00
4348	92.62	100.00
4349	92.62	100.00
4350	92.62	100.00
4351	92.62	100.00
4352	92.62	100.00
4353	92.62	100.00
4354	92.62	100.00
4355	92.62	100.00
4356	92.62	100.00
4357	92.62	100.00
4358	92.62	100.00
4359	92.62	100.00
4360	92.62	100.00
4361	92.62	100.00
4362	92.62	100.00
4363	92.62	100.00
4364	92.62	100.00
4365	92.62	100.00
4366	92.62	100.00
4367	92.62	100.00
4368	92.62	100.00
4369	92.62	100.00
4370	92.62	100.00
4371	92.62	100.00
4372	92.62	100.00
4373	92.62	100.00
4374	92.62	100.00
4375	92.62	100.00
4376	92.62	100.00
4377	92.62	100.00
4378	92.62	100.00
4379	92.62	100.00
4380	92.62	100.00
4381	92.62	100.00
4382	92.62	100.00
4383	92.62	100.00
4384	92.62	100.00
4385	92.62	100.00
4386	92.62	100.00
4387	92.62	100.00
4388	92.62	100.00
4389	92.62	100.00
4390	92.62	100.00
4391	92.62	100.00
4392	92.62	100.00
4393	92.62	100.00
4394	92.62	100.00
4395	92.62	100.00
4396	92.62	100.00
4397	92.62	100.00
4398	92.62	100.00
4399	92.62	100.00
4400	92.62	100.00
4401	92.62	100.00
4402	92.62	100.00
4403	92.62	100.00
4404	92.62	100.00
4405	92.62	100.00
4406	92.62	100.00
4407	92.62	100.00
4408	92.62	100.00
4409	92.62	100.00
4410	92.62	100.00
4411	92.62	100.00
4412	92.62	100.00
4413	92.62	100.00
4414	92.62	100.00
4415	92.62	100.00
4416	92.62	100.00
4417	92.62	100.00
4418	92.62	100.00
4419	92.62	100.00
4420	92.62	100.00
4421	92.62	100.00
4422	92.62	100.00
4423	92.62	100.00
4424	92.62	100.00
4425	92.62	100.00
4426	92.62	100.00
4427	92.62	100.00
4428	92.62	100.00
4429	92.62	100.00
4430	92.62	100.00
4431	92.62	100.00
4432	92.62	100.00
4433	92.62	100.00
4434	92.62	100.00
4435	92.62	100.00
4436	92.62	100.00
4437	92.62	100.00
4438	92.62	100.00
4439	92.62	100.00
4440	92.62	100.00
4441	92.62	100.00
4442	92.62	100.00
4443	92.62	100.00
4444	92.62	100.00
4445	92.62	100.00
4446	92.62	100.00
4447	92.62	100.00
4448	92.62	100.00
4449	92.62	100.00
4450	92.62	100.00
4451	92.62	100.00
4452	92.62	100.00
4453	92.62	100.00
4454	92.62	100.00
4455	92.62	100.00
4456	92.62	100.00
4457	92.62	100.00
4458	92.62	100.00
4459	92.62	100.00
4460	92.62	100.00
4461	92.62	100.00
4462	92.62	100.00
4463	92.62	100.00
4464	92.62	100.00
4465	92.62	100.00
4466	92.62	100.00
4467	92.62	100.00
4468	92.62	100.00
4469	92.62	100.00
4470	92.62	100.00
4471	92.62	100.00
4472	92.62	100.00
4473	92.62	100.00
4474	92.62	100.00
4475	92.62	100.00
4476	92.62	100.00
4477	92.62	100.00
4478	92.62	100.00
4479	92.62	100.00
4480	92.62	100.00
4481	92.62	100.00
4482	92.62	100.00
4483	92.62	100.00
4484	92.62	100.00
4485	92.62	100.00
4486	92.62	100.00
4487	92.62	100.00
4488	92.62	100.00
4489	92.62	100.00
4490	92.62	100.00
4491	92.62	100.00
4492	92.62	100.00
4493	92.62	100.00
4494	92.62	100.00
4495	92.62	100.00
4496	92.62	100.00
4497	92.62	100.00
4498	92.62	100.00
4499	92.62	100.00
4500	92.62	100.00
4501	92.62	100.00
4502	92.62	100.00
4503	92.62	100.00
4504	92.62	100.00
4505	92.62	100.00
4506	92.62	100.00
4507	92.62	100.00
4508	92.62	100.00
4509	92.62	100.00
4510	92.62	100.00
4511	92.62	100.00
4512	92.62	100.00
4513	92.62	100.00
4514	92.62	100.00
4515	92.62	100.00
4516	92.62	100.00
4517	92.62	100.00
4518	92.62	100.00
4519	92.62	100.00
4520	92.62	100.00
4521	92.62	100.00
4522	92.62	100.00
4523	92.62	100.00
4524	92.62	100.00
4525	92.62	100.00
4526	92.62	100.00
4527	92.62	100.00
4528	92.62	100.00
4529	92.62	100.00
4530	92.62	100.00
4531	92.62	100.00
4532	92.62	100.00
4533	92.62	100.00
4534	92.62	100.00
4535	92.62	100.00
4536	92.62	100.00
4537	92.62	100.00
4538	92.62	100.00
4539	92.62	100.00
4540	92.62	100.00
4541	92.62	100.00
4542	92.62	100.00
4543	92.62	100.00
4544	92.62	100.00
4545	92.62	100.00
4546	92.62	100.00
4547	92.62	100.00
4548	92.62	100.00
4549	92.62	100.00
4550	92.62	100.00
4551	92.62	100.00
4552	92.62	100.00
4553	92.62	100.00
4554	92.62	100.00
4555	92.62	100.00
4556	92.62	100.00
4557	92.62	100.00
4558	92.62	100.00
4559	92.62	100.00
4560	92.62	100.00
4561	92.62	100.00
4562	92.62	100.00
4563	92.62	100.00
4564	92.62	100.00
4565	92.62	100.00
4566	92.62	100.00
4567	92.62	100.00
4568	92.62	100.00
4569	92.62	100.00
4570	92.62	100.00
4571	92.62	100.00
4572	92.62	100.00
4573	92.62	100.00
4574	92.62	100.00
4575	92.62	100.00
4576	92.62	100.00
4577	92.62	100.00
4578	92.62	100.00
4579	92.62	100.00
4580	92.62	100.00
4581	92.62	100.00
4582	92.62	100.00
4583	92.62	100.00
4584	92.62	100.00
4585	92.62	100.00
4586	92.62	100.00
4587	92.62	100.00
4588	92.62	100.00
4589	92.62	100.00
4590	92.62	100.00
4591	92.62	100.00
4592	92.62	100.00
4593	92.62	100.00
4594	92.62	100.00
4595	92.62	100.00
4596	92.62	100.00
4597	92.62	100.00
4598	92.62	100.00
4599	92.62	100.00
4600	92.62	100.00
4601	92.62	100.00
4602	92.62	100.00
4603	92.62	100.00
4604	92.62	100.00
4605	92.62	100.00
4606	92.62	100.00
4607	92.62	100.00
4608	92.62	100.00
4609	92.62	100.00
4610	92.62	100.00
4611	92.62	100.00
4612	92.62	100.00
4613	92.62	100.00
4614	92.62	100.00
4615	92.62	100.00
4616	92.62	100.00
4617	92.62	100.00
4618	92.62	100.00
4619	92.62	100.00
4620	92.62	100.00
4621	92.62	100.00
4622	92.62	100.00
4623	92.62	100.00
4624	92.62	100.00
4625	92.62	100.00
4626	92.62	100.00
4627	92.62	100.00
4628	92.62	100.00
4629	92.62	100.00
4630	92.62	100.00
4631	92.62	100.00
4632	92.62	100.00
4633	92.62	100.00
4634	92.62	100.00
4635	92.62	100.00
4636	92.62	100.00
4637	92.62	100.00
4638	92.62	100.00
4639	92.62	100.00
4640	92.62	100.00
4641	92.62	100.00
4642	92.62	100.00
4643	92.62	100.00
4644	92.62	100.00
4645	92.62	100.00
4646	92.62	100.00
4647	92.62	100.00
4648	92.62	100.00
4649	92.62	100.00
4650	92.62	100.00
4651	92.62	100.00
4652	92.62	100.00
4653	92.62	100.00
4654	92.62	100.00
4655	92.62	100.00
4656	92.62	100.00
4657	92.62	100.00
4658	92.62	100.00
4659	92.62	100.00
4660	92.62	100.00
4661	92.62	100.00
4662	92.62	100.00
4663	92.62	100.00
4664	92.62	100.00
4665	92.62	100.00
4666	92.62	100.00
4667	92.62	100.00
4668	92.62	100.00
4669	92.62	100.00
4670	92.62	100.00
4671	92.62	100.00
4672	92.62	100.00
4673	92.62	100.00
4674	92.62	100.00
4675	92.62	100.00
4676	92.62	100.00
4677	92.62	100.00
4678	92.62	100.00
4679	92.62	100.00
4680	92.62	100.00
4681	92.62	100.00
4682	92.62	100.00
4683	92.62	100.00
4684	92.62	100.00
4685	92.62	100.00
4686	92.62	100.00
4687	92.62	100.00
4688	92.62	100.00
4689	92.62	100.00
4690	92.62	100.00
4691	92.62	100.00
4692	92.62	100.00
4693	92.62	100.00
4694	92.62	100.00
4695	92.62	100.00
4696	92.62	100.00
4697	92.62	100.00
4698	92.62	100.00
4699	92.62	100.00
4700	92.62	100.00
4701	92.62	100.00
4702	92.62	100.00
4703	92.62	100.00
4704	92.62	100.00
4705	92.62	100.00
4706	92.62	100.00
4707	92.62	100.00
4708	92.62	100.00
4709	92.62	100.00
4710	92.62	100.00
4711	92.62	100.00
4712	92.62	100.00
4713	92.62	100.00
4714	92.62	100.00
4715	92.62	100.00
4716	92.62	100.00
4717	92.62	100.00
4718	92.62	100.00
4719	92.62	100.00
4720	92.62	100.00
4721	92.62	100.00
4722	92.62	100.00
4723	92.62	100.00
4724	92.62	100.00
4725	92.62	100.00
4726	92.62	100.00
4727	92.62	100.00
4728	92.62	100.00
4729	92.62	100.00
4730	92.62	100.00
4731	92.62	100.00
4732	92.62	100.00
4733	92.62	100.00
4734	92.62	100.00
4735	92.62	100.00
4736	92.62	100.00
4737	92.62	100.00
4738	92.62	100.00
4739	92.62	100.00
4740	92.62	100.00
4741	92.62	100.00
4742	92.62	100.00
4743	92.62	100.00
4744	92.62	100.00
4745	92.62	100.00
4746	92.62	100.00
4747	92.62	100.00
4748	92.62	100.00
4749	92.62	100.00
4750	92.62	100.00
4751	92.62	100.00
4752	92.62	100.00
4753	92.62	100.00
4754	92.62	100.00
4755	92.62	100.00
4756	92.62	100.00
4757	92.62	100.00
4758	92.62	100.00
4759	92.62	100.00
4760	92.62	100.00
4761	92.62	100.00
4762	92.62	100.00
4763	92.62	100.00
4764	92.62	100.00
4765	92.62	100.00
4766	92.62	100.00
4767	92.62	100.00
4768	92.62	100.00
4769	92.62	100.00
4770	92.62	100.00
4771	92.62	100.00
4772	92.62	100.00
4773	92.62	100.00
4774	92.62	100.00
4775	92.62	100.00
4776	92.62	100.00
4777	92.62	100.00
4778	92.62	100.00
4779	92.62	100.00
4780	92.62	100.00
4781	92.62	100.00
4782	92.62	100.00
4783	92.62	100.00
4784	92.62	100.00
4785	92.62	100.00
4786	92.62	100.00
4787	92.62	100.00
4788	92.62	100.00
4789	92.62	100.00
4790	92.62	100.00
4791	92.62	100.00
4792	92.62	100.00
4793	92.62	100.00
4794	92.62	100.00
4795	92.62	100.00
4796	92.62	100.00
4797	92.62	100.00
4798	92.62	100.00
4799	92.62	100.00
4800	92.62	100.00
4801	92.62	100.00
4802	92.62	100.00
4803	92.62	100.00
4804	92.62	100.00
4805	92.62	100.00
4806	92.62	100.00
4807	92.62	100.00
4808	92.62	100.00
4809	92.62	100.00
4810	92.62	100.00
4811	92.62	100.00
4812	92.62	100.00
4813	92.62	100.00
4814	92.62	100.00
4815	92.62	100.00
4816	92.62	100.00
4817	92.62	100.00
4818	92.62	100.00
4819	92.62	100.00
4820	92.62	100.00
4821	92.62	100.00
4822	92.62	100.00
4823	92.62	100.00
4824	92.62	100.00
4825	92.62	100.00
4826	92.62	100.00
4827	92.62	100.00
4828	92.62	100.00
4829	92.62	100.00
4830	92.62	100.00
4831	92.62	100.00
4832	92.62	100.00
4833	92.62	100.00
4834	92.62	100.00
4835	92.62	100.00
4836	92.62	100.00
4837	92.62	100.00
4838	92.62	100.00
4839	92.62	100.00
4840	92.62	100.00
4841	92.62	100.00
4842	92.62	100.00
4843	92.62	100.00
4844	92.62	100.00
4845	92.62	100.00
4846	92.62	100.00
4847	92.62	100.00
4848	92.62	100.00
4849	92.62	100.00
4850	92.62	100.00
4851	92.62	100.00
4852	92.62	100.00
4853	92.62	100.00
4854	92.62	100.00
4855	92.62	100.00
4856	92.62	100.00
4857	92.62	100.00
4858	92.62	100.00
4859	92.62	100.00
4860	92.62	100.00
4861	92.62	100.00
4862	92.62	100.00
4863	92.62	100.00
4864	92.62	100.00
4865	92.62	100.00
4866	92.62	100.00
4867	92.62	100.00
4868	92.62	100.00
4869	92.62	100.00
4870	92.62	100.00
4871	92.62	100.00
4872	92.62	100.00
4873	92.62	100.00
4874	92.62	100.00
4875	92.62	100.00
4876	92.62	100.00
4877	92.62	100.00
4878	92.62	100.00
4879	92.62	100.00
4880	92.62	100.00
4881	92.62	100.00
4882	92.62	100.00
4883	92.62	100.00
4884	92.62	100.00
4885	92.62	100.00
4886	92.62	100.00
4887	92.62	100.00
4888	92.62	100.00
4889	92.62	100.00
4890	92.62	100.00
4891	92.62	100.00
4892	92.62	100.00
4893	92.62	100.00
4894	92.62	100.00
4895	92.62	100.00
4896	92.62	100.00
4897	92.62	100.00
4898	92.62	100.00
4899	92.62	100.00
4900	92.62	100.00
4901	92.62	100.00
4902	92.62	100.00
4903	92.62	100.00
4904	92.62	100.00
4905	92.62	100.00
4906	92.62	100.00
4907	92.62	100.00
4908	92.62	100.00
4909	92.62	100.00
4910	92.62	100.00
4911	92.62	100.00
4912	92.62	100.00
4913	92.62	100.00
4914	92.62	100.00
4915	92.62	100.00
4916	92.62	100.00
4917	92.62	100.00
4918	92.62	100.00
4919	92.62	100.00
4920	92.62	100.00
4921	92.62	100.00
4922	92.62	100.00
4923	92.62	100.00
4924	92.62	100.00
4925	92.62	100.00
4926	92.62	100.00
4927	92.62	100.00
4928	92.62	100.00
4929	92.62	100.00
4930	92.62	100.00
4931	92.62	100.00
4932	92.62	100.00
4933	92.62	100.00
4934	92.62	100.00
4935	92.62	100.00
4936	92.62	100.00
4937	92.62	100.00
4938	92.62	100.00
4939	92.62	100.00
4940	92.62	100.00
4941	92.62	100.00
4942	92.62	100.00
4943	92.62	100.00
4944	92.62	100.00
4945	92.62	100.00
4946	92.62	100.00
4947	92.62	100.00
4948	92.62	100.00
4949	92.62	100.00
4950	92.62	100.00
4951	92.62	100.00
4952	92.62	100.00
4953	92.62	100.00
4954	92.62	100.00
4955	92.62	100.00
4956	92.62	100.00
4957	92.62	100.00
4958	92.62	100.00
4959	92.62	100.00
4960	92.62	100.00
4961	92.62	100.00
4962	92.62	100.00
4963	92.62	100.00
4964	92.62	100.00
4965	92.62	100.00
4966	92.62	100.00
4967	92.62	100.00
4968	92.62	100.00
4969	92.62	100.00
4970	92.62	100.00
4971	92.62	100.00
4972	92.62	100.00
4973	92.62	100.00
4974	92.62	100.00
4975	92.62	100.00
4976	92.62	100.00
4977	92.62	100.00
4978	92.62	100.00
4979	92.62	100.00
4980	92.62	100.00
4981	92.62	100.00
4982	92.62	100.00
4983	92.62	100.00
4984	92.62	100.00
4985	92.62	100.00
4986	92.62	100.00
4987	92.62	100.00
4988	92.62	100.00
4989	92.62	100.00
4990	92.62	100.00
4991	92.62	100.00
4992	92.62	100.00
4993	92.62	100.00
4994	92.62	100.00
4995	92.62	100.00
4996	92.62	100.00
4997	92.62	100.00
4998	92.62	100.00
4999	92.62	100.00
5000	92.62	100.00
